countyFIPS,County Name,State,stateFIPS,4/1/20
1001,Autauga County,AL,1,10
1003,Baldwin County,AL,1,23
1005,Barbour County,AL,1,0
1007,Bibb County,AL,1,3
1009,Blount County,AL,1,5
1011,Bullock County,AL,1,2
1013,Butler County,AL,1,1
1015,Calhoun County,AL,1,11
1017,Chambers County,AL,1,45
1019,Cherokee County,AL,1,2
1021,Chilton County,AL,1,13
1023,Choctaw County,AL,1,4
1025,Clarke County,AL,1,2
1027,Clay County,AL,1,3
1029,Cleburne County,AL,1,6
1031,Coffee County,AL,1,0
1033,Colbert County,AL,1,4
1035,Conecuh County,AL,1,1
1037,Coosa County,AL,1,4
1039,Covington County,AL,1,3
1041,Crenshaw County,AL,1,1
1043,Cullman County,AL,1,9
1045,Dale County,AL,1,1
1047,Dallas County,AL,1,3
1049,DeKalb County,AL,1,6
1051,Elmore County,AL,1,15
1053,Escambia County,AL,1,1
1055,Etowah County,AL,1,10
1057,Fayette County,AL,1,1
1059,Franklin County,AL,1,3
1061,Geneva County,AL,1,0
1063,Greene County,AL,1,4
1065,Hale County,AL,1,1
1067,Henry County,AL,1,0
1069,Houston County,AL,1,9
1071,Jackson County,AL,1,8
1073,Jefferson County,AL,1,305
1075,Lamar County,AL,1,1
1077,Lauderdale County,AL,1,12
1079,Lawrence County,AL,1,3
1081,Lee County,AL,1,83
1083,Limestone County,AL,1,23
1085,Lowndes County,AL,1,1
1087,Macon County,AL,1,2
1089,Madison County,AL,1,107
1091,Marengo County,AL,1,5
1093,Marion County,AL,1,11
1095,Marshall County,AL,1,6
1097,Mobile County,AL,1,57
1099,Monroe County,AL,1,3
1101,Montgomery County,AL,1,35
1103,Morgan County,AL,1,19
1105,Perry County,AL,1,0
1107,Pickens County,AL,1,4
1109,Pike County,AL,1,7
1111,Randolph County,AL,1,5
1113,Russell County,AL,1,2
1115,St. Clair County,AL,1,17
1117,Shelby County,AL,1,89
1119,Sumter County,AL,1,3
1121,Talladega County,AL,1,8
1123,Tallapoosa County,AL,1,14
1125,Tuscaloosa County,AL,1,30
1127,Walker County,AL,1,32
1129,Washington County,AL,1,3
1131,Wilcox County,AL,1,3
1133,Winston County,AL,1,2
0,Statewide Unallocated,AK,2,0
2013,Aleutians East Borough,AK,2,0
2016,Aleutians West Census Area,AK,2,0
2020,Municipality of Anchorage,AK,2,66
2050,Bethel Census Area,AK,2,0
2060,Bristol Bay Borough,AK,2,0
2068,Denali Borough,AK,2,0
2070,Dillingham Census Area,AK,2,0
2090,Fairbanks North Star Borough,AK,2,40
2100,Haines Borough,AK,2,0
2105,Hoonah-Angoon Census Area,AK,2,0
2110,City and Borough of Juneau,AK,2,10
2122,Kenai Peninsula Borough,AK,2,8
2130,Ketchikan Gateway Borough,AK,2,14
2150,Kodiak Island Borough,AK,2,0
2158,Kusilvak Census Area,AK,2,0
2164,Lake and Peninsula Borough,AK,2,0
2170,Matanuska-Susitna Borough,AK,2,4
2180,Nome Census Area,AK,2,0
2185,North Slope Borough,AK,2,0
2188,Northwest Arctic Borough,AK,2,0
2195,Petersburg Census Area,AK,2,0
2198,Prince of Wales-Hyder Census Area,AK,2,0
2220,Sitka City and Borough,AK,2,0
2230,Skagway Municipality,AK,2,0
2240,Southeast Fairbanks Census Area,AK,2,0
2261,Valdez-Cordova Census Area,AK,2,0
2270,Wade Hampton Census Area,AK,2,0
2275,Wrangell City and Borough,AK,2,0
2282,Yakutat City and Borough,AK,2,0
2290,Yukon-Koyukuk Census Area,AK,2,0
0,Statewide Unallocated,AZ,4,0
4001,Apache County,AZ,4,17
4003,Cochise County,AZ,4,4
4005,Coconino County,AZ,4,85
4007,Gila County,AZ,4,1
4009,Graham County,AZ,4,2
4011,Greenlee County,AZ,4,1
4012,La Paz County,AZ,4,2
4013,Maricopa County,AZ,4,871
4015,Mohave County,AZ,4,8
4017,Navajo County,AZ,4,102
4019,Pima County,AZ,4,217
4021,Pinal County,AZ,4,65
4023,Santa Cruz County,AZ,4,3
4025,Yavapai County,AZ,4,24
4027,Yuma County,AZ,4,12
0,Statewide Unallocated,AR,5,9
5001,Arkansas County,AR,5,1
5003,Ashley County,AR,5,2
5005,Baxter County,AR,5,3
5007,Benton County,AR,5,40
5009,Boone County,AR,5,3
5011,Bradley County,AR,5,1
5013,Calhoun County,AR,5,0
5015,Carroll County,AR,5,1
5017,Chicot County,AR,5,2
5019,Clark County,AR,5,26
5021,Clay County,AR,5,0
5023,Cleburne County,AR,5,63
5025,Cleveland County,AR,5,4
5027,Columbia County,AR,5,2
5029,Conway County,AR,5,3
5031,Craighead County,AR,5,13
5033,Crawford County,AR,5,3
5035,Crittenden County,AR,5,31
5037,Cross County,AR,5,1
5039,Dallas County,AR,5,0
5041,Desha County,AR,5,2
5043,Drew County,AR,5,3
5045,Faulkner County,AR,5,36
5047,Franklin County,AR,5,0
5049,Fulton County,AR,5,0
5051,Garland County,AR,5,33
5053,Grant County,AR,5,3
5055,Greene County,AR,5,4
5057,Hempstead County,AR,5,1
5059,Hot Spring County,AR,5,4
5061,Howard County,AR,5,4
5063,Independence County,AR,5,4
5065,Izard County,AR,5,0
5067,Jackson County,AR,5,0
5069,Jefferson County,AR,5,49
5071,Johnson County,AR,5,6
5073,Lafayette County,AR,5,0
5075,Lawrence County,AR,5,2
5077,Lee County,AR,5,1
5079,Lincoln County,AR,5,6
5081,Little River County,AR,5,0
5083,Logan County,AR,5,0
5085,Lonoke County,AR,5,6
5087,Madison County,AR,5,0
5089,Marion County,AR,5,0
5091,Miller County,AR,5,7
5093,Mississippi County,AR,5,0
5095,Monroe County,AR,5,0
5097,Montgomery County,AR,5,0
5099,Nevada County,AR,5,1
5101,Newton County,AR,5,1
5103,Ouachita County,AR,5,0
5105,Perry County,AR,5,2
5107,Phillips County,AR,5,0
5109,Pike County,AR,5,2
5111,Poinsett County,AR,5,5
5113,Polk County,AR,5,5
5115,Pope County,AR,5,6
5117,Prairie County,AR,5,0
5119,Pulaski County,AR,5,113
5121,Randolph County,AR,5,3
5123,St. Francis County,AR,5,2
5125,Saline County,AR,5,14
5127,Scott County,AR,5,1
5129,Searcy County,AR,5,4
5131,Sebastian County,AR,5,8
5133,Sevier County,AR,5,3
5135,Sharp County,AR,5,0
5137,Stone County,AR,5,5
5139,Union County,AR,5,9
5141,Van Buren County,AR,5,20
5143,Washington County,AR,5,22
5145,White County,AR,5,15
5147,Woodruff County,AR,5,1
5149,Yell County,AR,5,0
0,Statewide Unallocated,CA,6,0
6000,Grand Princess Cruise Ship,CA,6,21
6001,Alameda County,CA,6,359
6003,Alpine County,CA,6,1
6005,Amador County,CA,6,3
6007,Butte County,CA,6,9
6009,Calaveras County,CA,6,3
6011,Colusa County,CA,6,1
6013,Contra Costa County,CA,6,250
6015,Del Norte County,CA,6,0
6017,El Dorado County,CA,6,18
6019,Fresno County,CA,6,82
6021,Glenn County,CA,6,2
6023,Humboldt County,CA,6,28
6025,Imperial County,CA,6,43
6027,Inyo County,CA,6,9
6029,Kern County,CA,6,126
6031,Kings County,CA,6,5
6033,Lake County,CA,6,0
6035,Lassen County,CA,6,0
6037,Los Angeles County,CA,6,3518
6039,Madera County,CA,6,25
6041,Marin County,CA,6,108
6043,Mariposa County,CA,6,0
6045,Mendocino County,CA,6,4
6047,Merced County,CA,6,10
6049,Modoc County,CA,6,0
6051,Mono County,CA,6,18
6053,Monterey County,CA,6,42
6055,Napa County,CA,6,18
6057,Nevada County,CA,6,26
6059,Orange County,CA,6,606
6061,Placer County,CA,6,78
6063,Plumas County,CA,6,1
6065,Riverside County,CA,6,429
6067,Sacramento County,CA,6,314
6069,San Benito County,CA,6,23
6071,San Bernardino County,CA,6,254
6073,San Diego County,CA,6,849
6075,San Francisco County,CA,6,434
6077,San Joaquin County,CA,6,161
6079,San Luis Obispo County,CA,6,83
6081,San Mateo County,CA,6,388
6083,Santa Barbara County,CA,6,111
6085,Santa Clara County,CA,6,1189
6087,Santa Cruz County,CA,6,54
6089,Shasta County,CA,6,7
6091,Sierra County,CA,6,0
6093,Siskiyou County,CA,6,3
6095,Solano County,CA,6,54
6097,Sonoma County,CA,6,91
6099,Stanislaus County,CA,6,44
6101,Sutter County,CA,6,14
6103,Tehama County,CA,6,0
6105,Trinity County,CA,6,0
6107,Tulare County,CA,6,59
6109,Tuolumne County,CA,6,1
6111,Ventura County,CA,6,160
6113,Yolo County,CA,6,28
6115,Yuba County,CA,6,8
0,Statewide Unallocated,CO,8,139
8001,Adams County,CO,8,212
8003,Alamosa County,CO,8,4
8005,Arapahoe County,CO,8,381
8007,Archuleta County,CO,8,1
8009,Baca County,CO,8,3
8011,Bent County,CO,8,0
8013,Boulder County,CO,8,114
8014,Broomfield County and City,CO,8,21
8015,Chaffee County,CO,8,17
8017,Cheyenne County,CO,8,0
8019,Clear Creek County,CO,8,6
8021,Conejos County,CO,8,0
8023,Costilla County,CO,8,3
8025,Crowley County,CO,8,1
8027,Custer County,CO,8,0
8029,Delta County,CO,8,1
8031,Denver County,CO,8,586
8033,Dolores County,CO,8,0
8035,Douglas County,CO,8,158
8037,Eagle County,CO,8,295
8039,Elbert County,CO,8,5
8041,El Paso County,CO,8,314
8043,Fremont County,CO,8,2
8045,Garfield County,CO,8,34
8047,Gilpin County,CO,8,0
8049,Grand County,CO,8,4
8051,Gunnison County,CO,8,84
8053,Hinsdale County,CO,8,1
8055,Huerfano County,CO,8,1
8057,Jackson County,CO,8,0
8059,Jefferson County,CO,8,356
8061,Kiowa County,CO,8,0
8063,Kit Carson County,CO,8,4
8065,Lake County,CO,8,2
8067,La Plata County,CO,8,23
8069,Larimer County,CO,8,107
8071,Las Animas County,CO,8,0
8073,Lincoln County,CO,8,1
8075,Logan County,CO,8,6
8077,Mesa County,CO,8,14
8079,Mineral County,CO,8,2
8081,Moffat County,CO,8,3
8083,Montezuma County,CO,8,1
8085,Montrose County,CO,8,13
8087,Morgan County,CO,8,5
8089,Otero County,CO,8,3
8091,Ouray County,CO,8,0
8093,Park County,CO,8,3
8095,Phillips County,CO,8,1
8097,Pitkin County,CO,8,33
8099,Prowers County,CO,8,0
8101,Pueblo County,CO,8,22
8103,Rio Blanco County,CO,8,0
8105,Rio Grande County,CO,8,5
8107,Routt County,CO,8,19
8109,Saguache County,CO,8,1
8111,San Juan County,CO,8,0
8113,San Miguel County,CO,8,4
8115,Sedgwick County,CO,8,0
8117,Summit County,CO,8,23
8119,Teller County,CO,8,7
8121,Washington County,CO,8,1
8123,Weld County,CO,8,293
8125,Yuma County,CO,8,2
0,Statewide Unallocated,CT,9,185
9001,Fairfield County,CT,9,1986
9003,Hartford County,CT,9,469
9005,Litchfield County,CT,9,131
9007,Middlesex County,CT,9,66
9009,New Haven County,CT,9,611
9011,New London County,CT,9,29
9013,Tolland County,CT,9,61
9015,Windham County,CT,9,19
0,Statewide Unallocated,DE,10,0
10001,Kent County,DE,10,41
10003,New Castle County,DE,10,226
10005,Sussex County,DE,10,101
11001,Washington,DC,11,586
0,Statewide Unallocated,FL,12,3
12001,Alachua County,FL,12,92
12003,Baker County,FL,12,9
12005,Bay County,FL,12,13
12007,Bradford County,FL,12,3
12009,Brevard County,FL,12,47
12011,Broward County,FL,12,1348
12013,Calhoun County,FL,12,1
12015,Charlotte County,FL,12,26
12017,Citrus County,FL,12,23
12019,Clay County,FL,12,53
12021,Collier County,FL,12,158
12023,Columbia County,FL,12,3
12027,DeSoto County,FL,12,7
12029,Dixie County,FL,12,0
12031,Duval County,FL,12,239
12033,Escambia County,FL,12,96
12035,Flagler County,FL,12,24
12037,Franklin County,FL,12,0
12039,Gadsden County,FL,12,1
12041,Gilchrist County,FL,12,0
12043,Glades County,FL,12,3
12045,Gulf County,FL,12,1
12047,Hamilton County,FL,12,0
12049,Hardee County,FL,12,1
12051,Hendry County,FL,12,4
12053,Hernando County,FL,12,28
12055,Highlands County,FL,12,21
12057,Hillsborough County,FL,12,362
12059,Holmes County,FL,12,1
12061,Indian River County,FL,12,35
12063,Jackson County,FL,12,4
12065,Jefferson County,FL,12,0
12067,Lafayette County,FL,12,0
12069,Lake County,FL,12,71
12071,Lee County,FL,12,235
12073,Leon County,FL,12,32
12075,Levy County,FL,12,2
12077,Liberty County,FL,12,0
12079,Madison County,FL,12,2
12081,Manatee County,FL,12,70
12083,Marion County,FL,12,30
12085,Martin County,FL,12,33
12086,Miami-Dade County,FL,12,2202
12087,Monroe County,FL,12,30
12089,Nassau County,FL,12,11
12091,Okaloosa County,FL,12,44
12093,Okeechobee County,FL,12,1
12095,Orange County,FL,12,458
12097,Osceola County,FL,12,140
12099,Palm Beach County,FL,12,616
12101,Pasco County,FL,12,51
12103,Pinellas County,FL,12,233
12105,Polk County,FL,12,91
12107,Putnam County,FL,12,13
12109,St. Johns County,FL,12,90
12111,St. Lucie County,FL,12,47
12113,Santa Rosa County,FL,12,46
12115,Sarasota County,FL,12,99
12117,Seminole County,FL,12,128
12119,Sumter County,FL,12,57
12121,Suwannee County,FL,12,6
12123,Taylor County,FL,12,0
12125,Union County,FL,12,1
12127,Volusia County,FL,12,93
12129,Wakulla County,FL,12,2
12131,Walton County,FL,12,18
12133,Washington County,FL,12,1
0,Statewide Unallocated,GA,13,485
13001,Appling County,GA,13,1
13003,Atkinson County,GA,13,0
13005,Bacon County,GA,13,6
13007,Baker County,GA,13,4
13009,Baldwin County,GA,13,7
13011,Banks County,GA,13,2
13013,Barrow County,GA,13,20
13015,Bartow County,GA,13,147
13017,Ben Hill County,GA,13,3
13019,Berrien County,GA,13,2
13021,Bibb County,GA,13,23
13023,Bleckley County,GA,13,1
13025,Brantley County,GA,13,0
13027,Brooks County,GA,13,2
13029,Bryan County,GA,13,9
13031,Bulloch County,GA,13,2
13033,Burke County,GA,13,8
13035,Butts County,GA,13,8
13037,Calhoun County,GA,13,10
13039,Camden County,GA,13,5
13043,Candler County,GA,13,1
13045,Carroll County,GA,13,133
13047,Catoosa County,GA,13,4
13049,Charlton County,GA,13,1
13051,Chatham County,GA,13,39
13053,Chattahoochee County,GA,13,2
13055,Chattooga County,GA,13,3
13057,Cherokee County,GA,13,85
13059,Clarke County,GA,13,54
13061,Clay County,GA,13,5
13063,Clayton County,GA,13,128
13065,Clinch County,GA,13,1
13067,Cobb County,GA,13,304
13069,Coffee County,GA,13,9
13071,Colquitt County,GA,13,21
13073,Columbia County,GA,13,24
13075,Cook County,GA,13,1
13077,Coweta County,GA,13,42
13079,Crawford County,GA,13,0
13081,Crisp County,GA,13,19
13083,Dade County,GA,13,1
13085,Dawson County,GA,13,11
13087,Decatur County,GA,13,8
13089,DeKalb County,GA,13,373
13091,Dodge County,GA,13,3
13093,Dooly County,GA,13,10
13095,Dougherty County,GA,13,490
13097,Douglas County,GA,13,56
13099,Early County,GA,13,34
13101,Echols County,GA,13,0
13103,Effingham County,GA,13,5
13105,Elbert County,GA,13,0
13107,Emanuel County,GA,13,1
13109,Evans County,GA,13,0
13111,Fannin County,GA,13,6
13113,Fayette County,GA,13,48
13115,Floyd County,GA,13,70
13117,Forsyth County,GA,13,50
13119,Franklin County,GA,13,3
13121,Fulton County,GA,13,638
13123,Gilmer County,GA,13,1
13125,Glascock County,GA,13,0
13127,Glynn County,GA,13,19
13129,Gordon County,GA,13,18
13131,Grady County,GA,13,2
13133,Greene County,GA,13,8
13135,Gwinnett County,GA,13,257
13137,Habersham County,GA,13,2
13139,Hall County,GA,13,71
13141,Hancock County,GA,13,0
13143,Haralson County,GA,13,6
13145,Harris County,GA,13,3
13147,Hart County,GA,13,3
13149,Heard County,GA,13,2
13151,Henry County,GA,13,95
13153,Houston County,GA,13,44
13155,Irwin County,GA,13,5
13157,Jackson County,GA,13,10
13159,Jasper County,GA,13,2
13161,Jeff Davis County,GA,13,0
13163,Jefferson County,GA,13,2
13165,Jenkins County,GA,13,1
13167,Johnson County,GA,13,1
13169,Jones County,GA,13,4
13171,Lamar County,GA,13,4
13173,Lanier County,GA,13,1
13175,Laurens County,GA,13,14
13177,Lee County,GA,13,94
13179,Liberty County,GA,13,7
13181,Lincoln County,GA,13,4
13183,Long County,GA,13,1
13185,Lowndes County,GA,13,24
13187,Lumpkin County,GA,13,7
13189,McDuffie County,GA,13,3
13191,McIntosh County,GA,13,1
13193,Macon County,GA,13,2
13195,Madison County,GA,13,3
13197,Marion County,GA,13,0
13199,Meriwether County,GA,13,7
13201,Miller County,GA,13,4
13205,Mitchell County,GA,13,39
13207,Monroe County,GA,13,6
13209,Montgomery County,GA,13,0
13211,Morgan County,GA,13,2
13213,Murray County,GA,13,5
13215,Muscogee County,GA,13,22
13217,Newton County,GA,13,34
13219,Oconee County,GA,13,17
13221,Oglethorpe County,GA,13,1
13223,Paulding County,GA,13,33
13225,Peach County,GA,13,7
13227,Pickens County,GA,13,7
13229,Pierce County,GA,13,7
13231,Pike County,GA,13,2
13233,Polk County,GA,13,16
13235,Pulaski County,GA,13,4
13237,Putnam County,GA,13,1
13239,Quitman County,GA,13,0
13241,Rabun County,GA,13,2
13243,Randolph County,GA,13,4
13245,Richmond County,GA,13,41
13247,Rockdale County,GA,13,47
13249,Schley County,GA,13,4
13251,Screven County,GA,13,2
13253,Seminole County,GA,13,5
13255,Spalding County,GA,13,17
13257,Stephens County,GA,13,5
13259,Stewart County,GA,13,1
13261,Sumter County,GA,13,38
13263,Talbot County,GA,13,1
13265,Taliaferro County,GA,13,0
13267,Tattnall County,GA,13,2
13269,Taylor County,GA,13,2
13271,Telfair County,GA,13,0
13273,Terrell County,GA,13,46
13275,Thomas County,GA,13,14
13277,Tift County,GA,13,28
13279,Toombs County,GA,13,3
13281,Towns County,GA,13,0
13283,Treutlen County,GA,13,0
13285,Troup County,GA,13,19
13287,Turner County,GA,13,5
13289,Twiggs County,GA,13,2
13291,Union County,GA,13,1
13293,Upson County,GA,13,6
13295,Walker County,GA,13,2
13297,Walton County,GA,13,13
13299,Ware County,GA,13,12
13301,Warren County,GA,13,4
13303,Washington County,GA,13,4
13305,Wayne County,GA,13,0
13307,Webster County,GA,13,1
13309,Wheeler County,GA,13,1
13311,White County,GA,13,3
13313,Whitfield County,GA,13,14
13315,Wilcox County,GA,13,1
13317,Wilkes County,GA,13,2
13319,Wilkinson County,GA,13,1
13321,Worth County,GA,13,28
0,Statewide Unallocated,HI,15,20
15001,Hawaii County,HI,15,18
15003,Honolulu County,HI,15,182
15005,Kalawao County,HI,15,0
15007,Kauai County,HI,15,12
15009,Maui County,HI,15,26
0,Statewide Unallocated,ID,16,9
16001,Ada County,ID,16,226
16003,Adams County,ID,16,1
16005,Bannock County,ID,16,4
16007,Bear Lake County,ID,16,0
16009,Benewah County,ID,16,0
16011,Bingham County,ID,16,2
16013,Blaine County,ID,16,256
16015,Boise County,ID,16,0
16017,Bonner County,ID,16,1
16019,Bonneville County,ID,16,2
16021,Boundary County,ID,16,0
16023,Butte County,ID,16,0
16025,Camas County,ID,16,1
16027,Canyon County,ID,16,68
16029,Caribou County,ID,16,0
16031,Cassia County,ID,16,1
16033,Clark County,ID,16,0
16035,Clearwater County,ID,16,0
16037,Custer County,ID,16,2
16039,Elmore County,ID,16,3
16041,Franklin County,ID,16,0
16043,Fremont County,ID,16,1
16045,Gem County,ID,16,4
16047,Gooding County,ID,16,1
16049,Idaho County,ID,16,1
16051,Jefferson County,ID,16,3
16053,Jerome County,ID,16,4
16055,Kootenai County,ID,16,31
16057,Latah County,ID,16,1
16059,Lemhi County,ID,16,0
16061,Lewis County,ID,16,0
16063,Lincoln County,ID,16,5
16065,Madison County,ID,16,4
16067,Minidoka County,ID,16,1
16069,Nez Perce County,ID,16,10
16071,Oneida County,ID,16,0
16073,Owyhee County,ID,16,1
16075,Payette County,ID,16,3
16077,Power County,ID,16,0
16079,Shoshone County,ID,16,0
16081,Teton County,ID,16,3
16083,Twin Falls County,ID,16,17
16085,Valley County,ID,16,2
16087,Washington County,ID,16,0
0,Statewide Unallocated,IL,17,17
17001,Adams County,IL,17,2
17003,Alexander County,IL,17,0
17005,Bond County,IL,17,2
17007,Boone County,IL,17,0
17009,Brown County,IL,17,0
17011,Bureau County,IL,17,2
17013,Calhoun County,IL,17,0
17015,Carroll County,IL,17,3
17017,Cass County,IL,17,0
17019,Champaign County,IL,17,33
17021,Christian County,IL,17,14
17023,Clark County,IL,17,1
17025,Clay County,IL,17,0
17027,Clinton County,IL,17,8
17029,Coles County,IL,17,0
17031,Cook County,IL,17,5152
17033,Crawford County,IL,17,1
17035,Cumberland County,IL,17,1
17037,DeKalb County,IL,17,14
17039,De Witt County,IL,17,0
17041,Douglas County,IL,17,8
17043,DuPage County,IL,17,392
17045,Edgar County,IL,17,0
17047,Edwards County,IL,17,0
17049,Effingham County,IL,17,0
17051,Fayette County,IL,17,2
17053,Ford County,IL,17,1
17055,Franklin County,IL,17,1
17057,Fulton County,IL,17,0
17059,Gallatin County,IL,17,0
17061,Greene County,IL,17,0
17063,Grundy County,IL,17,4
17065,Hamilton County,IL,17,0
17067,Hancock County,IL,17,0
17069,Hardin County,IL,17,0
17071,Henderson County,IL,17,0
17073,Henry County,IL,17,3
17075,Iroquois County,IL,17,2
17077,Jackson County,IL,17,4
17079,Jasper County,IL,17,0
17081,Jefferson County,IL,17,0
17083,Jersey County,IL,17,0
17085,Jo Daviess County,IL,17,3
17087,Johnson County,IL,17,0
17089,Kane County,IL,17,142
17091,Kankakee County,IL,17,51
17093,Kendall County,IL,17,27
17095,Knox County,IL,17,1
17097,Lake County,IL,17,477
17099,LaSalle County,IL,17,6
17101,Lawrence County,IL,17,0
17103,Lee County,IL,17,0
17105,Livingston County,IL,17,5
17107,Logan County,IL,17,0
17109,McDonough County,IL,17,0
17111,McHenry County,IL,17,69
17113,McLean County,IL,17,18
17115,Macon County,IL,17,2
17117,Macoupin County,IL,17,0
17119,Madison County,IL,17,25
17121,Marion County,IL,17,2
17123,Marshall County,IL,17,1
17125,Mason County,IL,17,0
17127,Massac County,IL,17,1
17129,Menard County,IL,17,1
17131,Mercer County,IL,17,0
17133,Monroe County,IL,17,3
17135,Montgomery County,IL,17,2
17137,Morgan County,IL,17,5
17139,Moultrie County,IL,17,0
17141,Ogle County,IL,17,1
17143,Peoria County,IL,17,10
17145,Perry County,IL,17,0
17147,Piatt County,IL,17,0
17149,Pike County,IL,17,0
17151,Pope County,IL,17,0
17153,Pulaski County,IL,17,0
17155,Putnam County,IL,17,0
17157,Randolph County,IL,17,7
17159,Richland County,IL,17,0
17161,Rock Island County,IL,17,17
17163,St. Clair County,IL,17,53
17165,Saline County,IL,17,1
17167,Sangamon County,IL,17,17
17169,Schuyler County,IL,17,0
17171,Scott County,IL,17,0
17173,Shelby County,IL,17,0
17175,Stark County,IL,17,0
17177,Stephenson County,IL,17,3
17179,Tazewell County,IL,17,4
17181,Union County,IL,17,0
17183,Vermilion County,IL,17,1
17185,Wabash County,IL,17,0
17187,Warren County,IL,17,0
17189,Washington County,IL,17,1
17191,Wayne County,IL,17,0
17193,White County,IL,17,0
17195,Whiteside County,IL,17,5
17197,Will County,IL,17,322
17199,Williamson County,IL,17,1
17201,Winnebago County,IL,17,18
17203,Woodford County,IL,17,3
0,Statewide Unallocated,IN,18,0
18001,Adams County,IN,18,1
18003,Allen County,IN,18,39
18005,Bartholomew County,IN,18,13
18007,Benton County,IN,18,0
18009,Blackford County,IN,18,0
18011,Boone County,IN,18,29
18013,Brown County,IN,18,3
18015,Carroll County,IN,18,2
18017,Cass County,IN,18,1
18019,Clark County,IN,18,38
18021,Clay County,IN,18,1
18023,Clinton County,IN,18,1
18025,Crawford County,IN,18,1
18027,Daviess County,IN,18,0
18029,Dearborn County,IN,18,17
18031,Decatur County,IN,18,48
18033,DeKalb County,IN,18,2
18035,Delaware County,IN,18,22
18037,Dubois County,IN,18,3
18039,Elkhart County,IN,18,23
18041,Fayette County,IN,18,10
18043,Floyd County,IN,18,21
18045,Fountain County,IN,18,1
18047,Franklin County,IN,18,39
18049,Fulton County,IN,18,1
18051,Gibson County,IN,18,4
18053,Grant County,IN,18,9
18055,Greene County,IN,18,3
18057,Hamilton County,IN,18,179
18059,Hancock County,IN,18,33
18061,Harrison County,IN,18,15
18063,Hendricks County,IN,18,91
18065,Henry County,IN,18,4
18067,Howard County,IN,18,20
18069,Huntington County,IN,18,2
18071,Jackson County,IN,18,10
18073,Jasper County,IN,18,9
18075,Jay County,IN,18,1
18077,Jefferson County,IN,18,1
18079,Jennings County,IN,18,17
18081,Johnson County,IN,18,118
18083,Knox County,IN,18,3
18085,Kosciusko County,IN,18,5
18087,LaGrange County,IN,18,2
18089,Lake County,IN,18,180
18091,LaPorte County,IN,18,11
18093,Lawrence County,IN,18,11
18095,Madison County,IN,18,46
18097,Marion County,IN,18,1117
18099,Marshall County,IN,18,3
18101,Martin County,IN,18,0
18103,Miami County,IN,18,3
18105,Monroe County,IN,18,33
18107,Montgomery County,IN,18,6
18109,Morgan County,IN,18,41
18111,Newton County,IN,18,1
18113,Noble County,IN,18,3
18115,Ohio County,IN,18,1
18117,Orange County,IN,18,3
18119,Owen County,IN,18,12
18121,Parke County,IN,18,0
18123,Perry County,IN,18,0
18125,Pike County,IN,18,0
18127,Porter County,IN,18,27
18129,Posey County,IN,18,4
18131,Pulaski County,IN,18,0
18133,Putnam County,IN,18,11
18135,Randolph County,IN,18,3
18137,Ripley County,IN,18,33
18139,Rush County,IN,18,5
18141,St. Joseph County,IN,18,57
18143,Scott County,IN,18,1
18145,Shelby County,IN,18,19
18147,Spencer County,IN,18,0
18149,Starke County,IN,18,1
18151,Steuben County,IN,18,2
18153,Sullivan County,IN,18,3
18155,Switzerland County,IN,18,3
18157,Tippecanoe County,IN,18,18
18159,Tipton County,IN,18,5
18161,Union County,IN,18,0
18163,Vanderburgh County,IN,18,20
18165,Vermillion County,IN,18,1
18167,Vigo County,IN,18,8
18169,Wabash County,IN,18,1
18171,Warren County,IN,18,2
18173,Warrick County,IN,18,8
18175,Washington County,IN,18,9
18177,Wayne County,IN,18,3
18179,Wells County,IN,18,2
18181,White County,IN,18,2
18183,Whitley County,IN,18,3
0,Statewide Unallocated,IA,19,0
19001,Adair County,IA,19,1
19003,Adams County,IA,19,0
19005,Allamakee County,IA,19,7
19007,Appanoose County,IA,19,1
19009,Audubon County,IA,19,1
19011,Benton County,IA,19,7
19013,Black Hawk County,IA,19,7
19015,Boone County,IA,19,1
19017,Bremer County,IA,19,0
19019,Buchanan County,IA,19,2
19021,Buena Vista County,IA,19,0
19023,Butler County,IA,19,1
19025,Calhoun County,IA,19,0
19027,Carroll County,IA,19,1
19029,Cass County,IA,19,0
19031,Cedar County,IA,19,9
19033,Cerro Gordo County,IA,19,8
19035,Cherokee County,IA,19,0
19037,Chickasaw County,IA,19,0
19039,Clarke County,IA,19,0
19041,Clay County,IA,19,1
19043,Clayton County,IA,19,2
19045,Clinton County,IA,19,6
19047,Crawford County,IA,19,1
19049,Dallas County,IA,19,27
19051,Davis County,IA,19,0
19053,Decatur County,IA,19,0
19055,Delaware County,IA,19,0
19057,Des Moines County,IA,19,1
19059,Dickinson County,IA,19,1
19061,Dubuque County,IA,19,22
19063,Emmet County,IA,19,0
19065,Fayette County,IA,19,2
19067,Floyd County,IA,19,0
19069,Franklin County,IA,19,0
19071,Fremont County,IA,19,0
19073,Greene County,IA,19,0
19075,Grundy County,IA,19,0
19077,Guthrie County,IA,19,1
19079,Hamilton County,IA,19,0
19081,Hancock County,IA,19,3
19083,Hardin County,IA,19,1
19085,Harrison County,IA,19,10
19087,Henry County,IA,19,5
19089,Howard County,IA,19,0
19091,Humboldt County,IA,19,0
19093,Ida County,IA,19,0
19095,Iowa County,IA,19,5
19097,Jackson County,IA,19,1
19099,Jasper County,IA,19,7
19101,Jefferson County,IA,19,0
19103,Johnson County,IA,19,76
19105,Jones County,IA,19,4
19107,Keokuk County,IA,19,1
19109,Kossuth County,IA,19,1
19111,Lee County,IA,19,0
19113,Linn County,IA,19,94
19115,Louisa County,IA,19,0
19117,Lucas County,IA,19,0
19119,Lyon County,IA,19,0
19121,Madison County,IA,19,1
19123,Mahaska County,IA,19,2
19125,Marion County,IA,19,0
19127,Marshall County,IA,19,8
19129,Mills County,IA,19,0
19131,Mitchell County,IA,19,2
19133,Monona County,IA,19,5
19135,Monroe County,IA,19,0
19137,Montgomery County,IA,19,1
19139,Muscatine County,IA,19,18
19141,O'Brien County,IA,19,2
19143,Osceola County,IA,19,0
19145,Page County,IA,19,2
19147,Palo Alto County,IA,19,0
19149,Plymouth County,IA,19,0
19151,Pocahontas County,IA,19,0
19153,Polk County,IA,19,81
19155,Pottawattamie County,IA,19,5
19157,Poweshiek County,IA,19,6
19159,Ringgold County,IA,19,0
19161,Sac County,IA,19,0
19163,Scott County,IA,19,21
19165,Shelby County,IA,19,3
19167,Sioux County,IA,19,4
19169,Story County,IA,19,4
19171,Tama County,IA,19,14
19173,Taylor County,IA,19,1
19175,Union County,IA,19,0
19177,Van Buren County,IA,19,2
19179,Wapello County,IA,19,1
19181,Warren County,IA,19,4
19183,Washington County,IA,19,34
19185,Wayne County,IA,19,0
19187,Webster County,IA,19,1
19189,Winnebago County,IA,19,0
19191,Winneshiek County,IA,19,3
19193,Woodbury County,IA,19,4
19195,Worth County,IA,19,0
19197,Wright County,IA,19,1
0,Statewide Unallocated,KS,20,0
20001,Allen County,KS,20,0
20003,Anderson County,KS,20,0
20005,Atchison County,KS,20,1
20007,Barber County,KS,20,0
20009,Barton County,KS,20,2
20011,Bourbon County,KS,20,3
20013,Brown County,KS,20,0
20015,Butler County,KS,20,5
20017,Chase County,KS,20,0
20019,Chautauqua County,KS,20,1
20021,Cherokee County,KS,20,3
20023,Cheyenne County,KS,20,0
20025,Clark County,KS,20,0
20027,Clay County,KS,20,1
20029,Cloud County,KS,20,0
20031,Coffey County,KS,20,16
20033,Comanche County,KS,20,0
20035,Cowley County,KS,20,0
20037,Crawford County,KS,20,3
20039,Decatur County,KS,20,0
20041,Dickinson County,KS,20,0
20043,Doniphan County,KS,20,1
20045,Douglas County,KS,20,30
20047,Edwards County,KS,20,0
20049,Elk County,KS,20,0
20051,Ellis County,KS,20,0
20053,Ellsworth County,KS,20,0
20055,Finney County,KS,20,1
20057,Ford County,KS,20,0
20059,Franklin County,KS,20,7
20061,Geary County,KS,20,0
20063,Gove County,KS,20,1
20065,Graham County,KS,20,0
20067,Grant County,KS,20,0
20069,Gray County,KS,20,0
20071,Greeley County,KS,20,0
20073,Greenwood County,KS,20,0
20075,Hamilton County,KS,20,0
20077,Harper County,KS,20,0
20079,Harvey County,KS,20,2
20081,Haskell County,KS,20,0
20083,Hodgeman County,KS,20,0
20085,Jackson County,KS,20,1
20087,Jefferson County,KS,20,1
20089,Jewell County,KS,20,0
20091,Johnson County,KS,20,143
20093,Kearny County,KS,20,0
20095,Kingman County,KS,20,0
20097,Kiowa County,KS,20,0
20099,Labette County,KS,20,1
20101,Lane County,KS,20,0
20103,Leavenworth County,KS,20,25
20105,Lincoln County,KS,20,0
20107,Linn County,KS,20,5
20109,Logan County,KS,20,0
20111,Lyon County,KS,20,12
20113,McPherson County,KS,20,5
20115,Marion County,KS,20,0
20117,Marshall County,KS,20,0
20119,Meade County,KS,20,0
20121,Miami County,KS,20,0
20123,Mitchell County,KS,20,2
20125,Montgomery County,KS,20,6
20127,Morris County,KS,20,2
20129,Morton County,KS,20,0
20131,Nemaha County,KS,20,0
20133,Neosho County,KS,20,1
20135,Ness County,KS,20,0
20137,Norton County,KS,20,0
20139,Osage County,KS,20,3
20141,Osborne County,KS,20,0
20143,Ottawa County,KS,20,1
20145,Pawnee County,KS,20,0
20147,Phillips County,KS,20,0
20149,Pottawatomie County,KS,20,2
20151,Pratt County,KS,20,1
20153,Rawlins County,KS,20,0
20155,Reno County,KS,20,8
20157,Republic County,KS,20,0
20159,Rice County,KS,20,0
20161,Riley County,KS,20,4
20163,Rooks County,KS,20,0
20165,Rush County,KS,20,0
20167,Russell County,KS,20,0
20169,Saline County,KS,20,1
20171,Scott County,KS,20,0
20173,Sedgwick County,KS,20,64
20175,Seward County,KS,20,0
20177,Shawnee County,KS,20,18
20179,Sheridan County,KS,20,0
20181,Sherman County,KS,20,0
20183,Smith County,KS,20,0
20185,Stafford County,KS,20,1
20187,Stanton County,KS,20,0
20189,Stevens County,KS,20,1
20191,Sumner County,KS,20,1
20193,Thomas County,KS,20,0
20195,Trego County,KS,20,0
20197,Wabaunsee County,KS,20,0
20199,Wallace County,KS,20,0
20201,Washington County,KS,20,0
20203,Wichita County,KS,20,0
20205,Wilson County,KS,20,0
20207,Woodson County,KS,20,3
20209,Wyandotte County,KS,20,93
0,Statewide Unallocated,KY,21,30
21001,Adair County,KY,21,1
21003,Allen County,KY,21,2
21005,Anderson County,KY,21,3
21007,Ballard County,KY,21,0
21009,Barren County,KY,21,1
21011,Bath County,KY,21,0
21013,Bell County,KY,21,0
21015,Boone County,KY,21,3
21017,Bourbon County,KY,21,1
21019,Boyd County,KY,21,4
21021,Boyle County,KY,21,3
21023,Bracken County,KY,21,3
21025,Breathitt County,KY,21,1
21027,Breckinridge County,KY,21,3
21029,Bullitt County,KY,21,3
21031,Butler County,KY,21,1
21033,Caldwell County,KY,21,1
21035,Calloway County,KY,21,3
21037,Campbell County,KY,21,3
21039,Carlisle County,KY,21,0
21041,Carroll County,KY,21,2
21043,Carter County,KY,21,0
21045,Casey County,KY,21,0
21047,Christian County,KY,21,11
21049,Clark County,KY,21,3
21051,Clay County,KY,21,0
21053,Clinton County,KY,21,0
21055,Crittenden County,KY,21,0
21057,Cumberland County,KY,21,0
21059,Daviess County,KY,21,30
21061,Edmonson County,KY,21,1
21063,Elliott County,KY,21,0
21065,Estill County,KY,21,0
21067,Fayette County,KY,21,116
21069,Fleming County,KY,21,0
21071,Floyd County,KY,21,0
21073,Franklin County,KY,21,1
21075,Fulton County,KY,21,0
21077,Gallatin County,KY,21,0
21079,Garrard County,KY,21,0
21081,Grant County,KY,21,2
21083,Graves County,KY,21,1
21085,Grayson County,KY,21,2
21087,Green County,KY,21,0
21089,Greenup County,KY,21,0
21091,Hancock County,KY,21,1
21093,Hardin County,KY,21,2
21095,Harlan County,KY,21,0
21097,Harrison County,KY,21,14
21099,Hart County,KY,21,0
21101,Henderson County,KY,21,2
21103,Henry County,KY,21,1
21105,Hickman County,KY,21,0
21107,Hopkins County,KY,21,21
21109,Jackson County,KY,21,0
21111,Jefferson County,KY,21,228
21113,Jessamine County,KY,21,11
21115,Johnson County,KY,21,0
21117,Kenton County,KY,21,16
21119,Knott County,KY,21,0
21121,Knox County,KY,21,0
21123,Larue County,KY,21,1
21125,Laurel County,KY,21,1
21127,Lawrence County,KY,21,1
21129,Lee County,KY,21,0
21131,Leslie County,KY,21,0
21133,Letcher County,KY,21,0
21135,Lewis County,KY,21,1
21137,Lincoln County,KY,21,0
21139,Livingston County,KY,21,0
21141,Logan County,KY,21,3
21143,Lyon County,KY,21,2
21145,McCracken County,KY,21,3
21147,McCreary County,KY,21,2
21149,McLean County,KY,21,1
21151,Madison County,KY,21,11
21153,Magoffin County,KY,21,0
21155,Marion County,KY,21,1
21157,Marshall County,KY,21,1
21159,Martin County,KY,21,1
21161,Mason County,KY,21,1
21163,Meade County,KY,21,0
21165,Menifee County,KY,21,0
21167,Mercer County,KY,21,1
21169,Metcalfe County,KY,21,0
21171,Monroe County,KY,21,0
21173,Montgomery County,KY,21,2
21175,Morgan County,KY,21,0
21177,Muhlenberg County,KY,21,2
21179,Nelson County,KY,21,2
21181,Nicholas County,KY,21,1
21183,Ohio County,KY,21,0
21185,Oldham County,KY,21,2
21187,Owen County,KY,21,0
21189,Owsley County,KY,21,0
21191,Pendleton County,KY,21,0
21193,Perry County,KY,21,0
21195,Pike County,KY,21,1
21197,Powell County,KY,21,1
21199,Pulaski County,KY,21,11
21201,Robertson County,KY,21,0
21203,Rockcastle County,KY,21,1
21205,Rowan County,KY,21,0
21207,Russell County,KY,21,0
21209,Scott County,KY,21,3
21211,Shelby County,KY,21,1
21213,Simpson County,KY,21,3
21215,Spencer County,KY,21,2
21217,Taylor County,KY,21,2
21219,Todd County,KY,21,0
21221,Trigg County,KY,21,0
21223,Trimble County,KY,21,0
21225,Union County,KY,21,3
21227,Warren County,KY,21,17
21229,Washington County,KY,21,1
21231,Wayne County,KY,21,2
21233,Webster County,KY,21,1
21235,Whitley County,KY,21,0
21237,Wolfe County,KY,21,0
21239,Woodford County,KY,21,3
0,Statewide Unallocated,LA,22,31
22001,Acadia Parish,LA,22,47
22003,Allen Parish,LA,22,19
22005,Ascension Parish,LA,22,189
22007,Assumption Parish,LA,22,25
22009,Avoyelles Parish,LA,22,31
22011,Beauregard Parish,LA,22,8
22013,Bienville Parish,LA,22,6
22015,Bossier Parish,LA,22,75
22017,Caddo Parish,LA,22,298
22019,Calcasieu Parish,LA,22,90
22021,Caldwell Parish,LA,22,0
22023,Cameron Parish,LA,22,0
22025,Catahoula Parish,LA,22,3
22027,Claiborne Parish,LA,22,10
22029,Concordia Parish,LA,22,5
22031,De Soto Parish,LA,22,39
22033,East Baton Rouge Parish,LA,22,244
22035,East Carroll Parish,LA,22,1
22037,East Feliciana Parish,LA,22,10
22039,Evangeline Parish,LA,22,11
22041,Franklin Parish,LA,22,5
22043,Grant Parish,LA,22,3
22045,Iberia Parish,LA,22,49
22047,Iberville Parish,LA,22,36
22049,Jackson Parish,LA,22,1
22051,Jefferson Parish,LA,22,1433
22053,Jefferson Davis Parish,LA,22,9
22055,Lafayette Parish,LA,22,159
22057,Lafourche Parish,LA,22,105
22059,La Salle Parish,LA,22,2
22061,Lincoln Parish,LA,22,13
22063,Livingston Parish,LA,22,25
22065,Madison Parish,LA,22,1
22067,Morehouse Parish,LA,22,2
22069,Natchitoches Parish,LA,22,2
22071,Orleans Parish,LA,22,2270
22073,Ouachita Parish,LA,22,80
22075,Plaquemines Parish,LA,22,47
22077,Pointe Coupee Parish,LA,22,7
22079,Rapides Parish,LA,22,69
22081,Red River Parish,LA,22,1
22083,Richland Parish,LA,22,3
22085,Sabine Parish,LA,22,3
22087,St. Bernard Parish,LA,22,94
22089,St. Charles Parish,LA,22,82
22091,St. Helena Parish,LA,22,1
22093,St. James Parish,LA,22,86
22095,St. John the Baptist Parish,LA,22,118
22097,St. Landry Parish,LA,22,45
22099,St. Martin Parish,LA,22,41
22101,St. Mary Parish,LA,22,26
22103,St. Tammany Parish,LA,22,270
22105,Tangipahoa Parish,LA,22,33
22107,Tensas Parish,LA,22,0
22109,Terrebonne Parish,LA,22,55
22111,Union Parish,LA,22,11
22113,Vermilion Parish,LA,22,10
22115,Vernon Parish,LA,22,6
22117,Washington Parish,LA,22,39
22119,Webster Parish,LA,22,17
22121,West Baton Rouge Parish,LA,22,14
22123,West Carroll Parish,LA,22,0
22125,West Feliciana Parish,LA,22,8
22127,Winn Parish,LA,22,1
0,Statewide Unallocated,ME,23,7
23001,Androscoggin County,ME,23,12
23003,Aroostook County,ME,23,0
23005,Cumberland County,ME,23,192
23007,Franklin County,ME,23,2
23009,Hancock County,ME,23,1
23011,Kennebec County,ME,23,17
23013,Knox County,ME,23,5
23015,Lincoln County,ME,23,8
23017,Oxford County,ME,23,9
23019,Penobscot County,ME,23,13
23021,Piscataquis County,ME,23,0
23023,Sagadahoc County,ME,23,10
23025,Somerset County,ME,23,1
23027,Waldo County,ME,23,2
23029,Washington County,ME,23,0
23031,York County,ME,23,65
0,Statewide Unallocated,MD,24,0
24001,Allegany County,MD,24,0
24003,Anne Arundel County,MD,24,158
24005,Baltimore County,MD,24,289
24009,Calvert County,MD,24,18
24011,Caroline County,MD,24,4
24013,Carroll County,MD,24,96
24015,Cecil County,MD,24,16
24017,Charles County,MD,24,56
24019,Dorchester County,MD,24,1
24021,Frederick County,MD,24,35
24023,Garrett County,MD,24,3
24025,Harford County,MD,24,34
24027,Howard County,MD,24,142
24029,Kent County,MD,24,3
24031,Montgomery County,MD,24,447
24033,Prince George's County,MD,24,403
24035,Queen Anne's County,MD,24,7
24037,St. Mary's County,MD,24,19
24039,Somerset County,MD,24,4
24041,Talbot County,MD,24,3
24043,Washington County,MD,24,15
24045,Wicomico County,MD,24,7
24047,Worcester County,MD,24,4
24510,Baltimore City,MD,24,221
0,Statewide Unallocated,MA,25,251
25001,Barnstable County,MA,25,255
25003,Berkshire County,MA,25,183
25005,Bristol County,MA,25,366
25007,Dukes County,MA,25,5
25009,Essex County,MA,25,885
25011,Franklin County,MA,25,72
25013,Hampden County,MA,25,475
25015,Hampshire County,MA,25,81
25017,Middlesex County,MA,25,1582
25019,Nantucket County,MA,25,6
25021,Norfolk County,MA,25,829
25023,Plymouth County,MA,25,561
25025,Suffolk County,MA,25,1624
25027,Worcester County,MA,25,563
0,Statewide Unallocated,MI,26,203
26001,Alcona County,MI,26,0
26003,Alger County,MI,26,0
26005,Allegan County,MI,26,5
26007,Alpena County,MI,26,0
26009,Antrim County,MI,26,4
26011,Arenac County,MI,26,1
26013,Baraga County,MI,26,0
26015,Barry County,MI,26,2
26017,Bay County,MI,26,10
26019,Benzie County,MI,26,0
26021,Berrien County,MI,26,38
26023,Branch County,MI,26,2
26025,Calhoun County,MI,26,23
26027,Cass County,MI,26,6
26029,Charlevoix County,MI,26,4
26031,Cheboygan County,MI,26,2
26033,Chippewa County,MI,26,0
26035,Clare County,MI,26,1
26037,Clinton County,MI,26,33
26039,Crawford County,MI,26,1
26041,Delta County,MI,26,3
26043,Dickinson County,MI,26,0
26045,Eaton County,MI,26,27
26047,Emmet County,MI,26,6
26049,Genesee County,MI,26,249
26051,Gladwin County,MI,26,2
26053,Gogebic County,MI,26,2
26055,Grand Traverse County,MI,26,8
26057,Gratiot County,MI,26,3
26059,Hillsdale County,MI,26,19
26061,Houghton County,MI,26,1
26063,Huron County,MI,26,3
26065,Ingham County,MI,26,121
26067,Ionia County,MI,26,5
26069,Iosco County,MI,26,1
26071,Iron County,MI,26,0
26073,Isabella County,MI,26,7
26075,Jackson County,MI,26,56
26077,Kalamazoo County,MI,26,30
26079,Kalkaska County,MI,26,7
26081,Kent County,MI,26,119
26083,Keweenaw County,MI,26,0
26085,Lake County,MI,26,0
26087,Lapeer County,MI,26,8
26089,Leelanau County,MI,26,1
26091,Lenawee County,MI,26,22
26093,Livingston County,MI,26,101
26095,Luce County,MI,26,0
26097,Mackinac County,MI,26,1
26099,Macomb County,MI,26,1088
26101,Manistee County,MI,26,1
26103,Marquette County,MI,26,5
26105,Mason County,MI,26,0
26107,Mecosta County,MI,26,3
26109,Menominee County,MI,26,0
26111,Midland County,MI,26,12
26113,Missaukee County,MI,26,1
26115,Monroe County,MI,26,58
26117,Montcalm County,MI,26,10
26119,Montmorency County,MI,26,0
26121,Muskegon County,MI,26,18
26123,Newaygo County,MI,26,1
26125,Oakland County,MI,26,1910
26127,Oceana County,MI,26,2
26129,Ogemaw County,MI,26,1
26131,Ontonagon County,MI,26,0
26133,Osceola County,MI,26,2
26135,Oscoda County,MI,26,2
26137,Otsego County,MI,26,19
26139,Ottawa County,MI,26,31
26141,Presque Isle County,MI,26,0
26143,Roscommon County,MI,26,1
26145,Saginaw County,MI,26,71
26147,St. Clair County,MI,26,41
26149,St. Joseph County,MI,26,5
26151,Sanilac County,MI,26,7
26153,Schoolcraft County,MI,26,0
26155,Shiawassee County,MI,26,11
26157,Tuscola County,MI,26,11
26159,Van Buren County,MI,26,10
26161,Washtenaw County,MI,26,401
26163,Wayne County,MI,26,4470
26165,Wexford County,MI,26,2
0,Statewide Unallocated,MN,27,0
27001,Aitkin County,MN,27,0
27003,Anoka County,MN,27,26
27005,Becker County,MN,27,0
27007,Beltrami County,MN,27,4
27009,Benton County,MN,27,1
27011,Big Stone County,MN,27,1
27013,Blue Earth County,MN,27,9
27015,Brown County,MN,27,2
27017,Carlton County,MN,27,1
27019,Carver County,MN,27,10
27021,Cass County,MN,27,1
27023,Chippewa County,MN,27,0
27025,Chisago County,MN,27,3
27027,Clay County,MN,27,7
27029,Clearwater County,MN,27,2
27031,Cook County,MN,27,0
27033,Cottonwood County,MN,27,3
27035,Crow Wing County,MN,27,1
27037,Dakota County,MN,27,48
27039,Dodge County,MN,27,10
27041,Douglas County,MN,27,1
27043,Faribault County,MN,27,2
27045,Fillmore County,MN,27,8
27047,Freeborn County,MN,27,2
27049,Goodhue County,MN,27,4
27051,Grant County,MN,27,0
27053,Hennepin County,MN,27,218
27055,Houston County,MN,27,0
27057,Hubbard County,MN,27,0
27059,Isanti County,MN,27,2
27061,Itasca County,MN,27,1
27063,Jackson County,MN,27,1
27065,Kanabec County,MN,27,0
27067,Kandiyohi County,MN,27,2
27069,Kittson County,MN,27,0
27071,Koochiching County,MN,27,0
27073,Lac Qui Parle County,MN,27,1
27075,Lake County,MN,27,0
27077,Lake of the Woods County,MN,27,0
27079,Le Sueur County,MN,27,15
27081,Lincoln County,MN,27,1
27083,Lyon County,MN,27,2
27085,McLeod County,MN,27,0
27087,Mahnomen County,MN,27,1
27089,Marshall County,MN,27,0
27091,Martin County,MN,27,29
27093,Meeker County,MN,27,1
27095,Mille Lacs County,MN,27,0
27097,Morrison County,MN,27,0
27099,Mower County,MN,27,14
27101,Murray County,MN,27,0
27103,Nicollet County,MN,27,3
27105,Nobles County,MN,27,0
27107,Norman County,MN,27,0
27109,Olmsted County,MN,27,61
27111,Otter Tail County,MN,27,1
27113,Pennington County,MN,27,0
27115,Pine County,MN,27,0
27117,Pipestone County,MN,27,0
27119,Polk County,MN,27,0
27121,Pope County,MN,27,0
27123,Ramsey County,MN,27,66
27125,Red Lake County,MN,27,0
27127,Redwood County,MN,27,0
27129,Renville County,MN,27,1
27131,Rice County,MN,27,3
27133,Rock County,MN,27,0
27135,Roseau County,MN,27,0
27137,St. Louis County,MN,27,13
27139,Scott County,MN,27,10
27141,Sherburne County,MN,27,8
27143,Sibley County,MN,27,1
27145,Stearns County,MN,27,5
27147,Steele County,MN,27,6
27149,Stevens County,MN,27,0
27151,Swift County,MN,27,0
27153,Todd County,MN,27,0
27155,Traverse County,MN,27,2
27157,Wabasha County,MN,27,6
27159,Wadena County,MN,27,0
27161,Waseca County,MN,27,3
27163,Washington County,MN,27,44
27165,Watonwan County,MN,27,2
27167,Wilkin County,MN,27,1
27169,Winona County,MN,27,10
27171,Wright County,MN,27,6
27173,Yellow Medicine County,MN,27,1
0,Statewide Unallocated,MS,28,2
28001,Adams County,MS,28,11
28003,Alcorn County,MS,28,3
28005,Amite County,MS,28,4
28007,Attala County,MS,28,11
28009,Benton County,MS,28,4
28011,Bolivar County,MS,28,25
28013,Calhoun County,MS,28,3
28015,Carroll County,MS,28,1
28017,Chickasaw County,MS,28,14
28019,Choctaw County,MS,28,7
28021,Claiborne County,MS,28,1
28023,Clarke County,MS,28,4
28025,Clay County,MS,28,5
28027,Coahoma County,MS,28,22
28029,Copiah County,MS,28,9
28031,Covington County,MS,28,3
28033,DeSoto County,MS,28,94
28035,Forrest County,MS,28,26
28037,Franklin County,MS,28,3
28039,George County,MS,28,4
28041,Greene County,MS,28,0
28043,Grenada County,MS,28,3
28045,Hancock County,MS,28,20
28047,Harrison County,MS,28,49
28049,Hinds County,MS,28,109
28051,Holmes County,MS,28,16
28053,Humphreys County,MS,28,4
28055,Issaquena County,MS,28,0
28057,Itawamba County,MS,28,3
28059,Jackson County,MS,28,52
28061,Jasper County,MS,28,1
28063,Jefferson County,MS,28,1
28065,Jefferson Davis County,MS,28,0
28067,Jones County,MS,28,6
28069,Kemper County,MS,28,1
28071,Lafayette County,MS,28,15
28073,Lamar County,MS,28,6
28075,Lauderdale County,MS,28,39
28077,Lawrence County,MS,28,4
28079,Leake County,MS,28,5
28081,Lee County,MS,28,24
28083,Leflore County,MS,28,20
28085,Lincoln County,MS,28,13
28087,Lowndes County,MS,28,10
28089,Madison County,MS,28,53
28091,Marion County,MS,28,5
28093,Marshall County,MS,28,15
28095,Monroe County,MS,28,7
28097,Montgomery County,MS,28,8
28099,Neshoba County,MS,28,4
28101,Newton County,MS,28,2
28103,Noxubee County,MS,28,3
28105,Oktibbeha County,MS,28,18
28107,Panola County,MS,28,8
28109,Pearl River County,MS,28,32
28111,Perry County,MS,28,5
28113,Pike County,MS,28,20
28115,Pontotoc County,MS,28,6
28117,Prentiss County,MS,28,4
28119,Quitman County,MS,28,4
28121,Rankin County,MS,28,48
28123,Scott County,MS,28,12
28125,Sharkey County,MS,28,2
28127,Simpson County,MS,28,3
28129,Smith County,MS,28,1
28131,Stone County,MS,28,0
28133,Sunflower County,MS,28,12
28135,Tallahatchie County,MS,28,2
28137,Tate County,MS,28,11
28139,Tippah County,MS,28,28
28141,Tishomingo County,MS,28,1
28143,Tunica County,MS,28,13
28145,Union County,MS,28,3
28147,Walthall County,MS,28,7
28149,Warren County,MS,28,1
28151,Washington County,MS,28,22
28153,Wayne County,MS,28,0
28155,Webster County,MS,28,7
28157,Wilkinson County,MS,28,16
28159,Winston County,MS,28,9
28161,Yalobusha County,MS,28,6
28163,Yazoo County,MS,28,9
0,Statewide Unallocated,MO,29,12
29001,Adair County,MO,29,3
29003,Andrew County,MO,29,0
29005,Atchison County,MO,29,1
29007,Audrain County,MO,29,0
29009,Barry County,MO,29,1
29011,Barton County,MO,29,0
29013,Bates County,MO,29,2
29015,Benton County,MO,29,3
29017,Bollinger County,MO,29,1
29019,Boone County,MO,29,65
29021,Buchanan County,MO,29,5
29023,Butler County,MO,29,1
29025,Caldwell County,MO,29,1
29027,Callaway County,MO,29,17
29029,Camden County,MO,29,17
29031,Cape Girardeau County,MO,29,15
29033,Carroll County,MO,29,0
29035,Carter County,MO,29,3
29037,Cass County,MO,29,17
29039,Cedar County,MO,29,3
29041,Chariton County,MO,29,4
29043,Christian County,MO,29,11
29045,Clark County,MO,29,0
29047,Clay County,MO,29,21
29049,Clinton County,MO,29,5
29051,Cole County,MO,29,24
29053,Cooper County,MO,29,2
29055,Crawford County,MO,29,1
29057,Dade County,MO,29,0
29059,Dallas County,MO,29,0
29061,Daviess County,MO,29,0
29063,DeKalb County,MO,29,1
29065,Dent County,MO,29,0
29067,Douglas County,MO,29,0
29069,Dunklin County,MO,29,5
29071,Franklin County,MO,29,16
29073,Gasconade County,MO,29,1
29075,Gentry County,MO,29,0
29077,Greene County,MO,29,51
29079,Grundy County,MO,29,0
29081,Harrison County,MO,29,1
29083,Henry County,MO,29,1
29085,Hickory County,MO,29,0
29087,Holt County,MO,29,0
29089,Howard County,MO,29,0
29091,Howell County,MO,29,0
29093,Iron County,MO,29,0
29095,Jackson County (including other portions of Kansas City),MO,29,214
29097,Jasper County,MO,29,6
29099,Jefferson County,MO,29,38
29101,Johnson County,MO,29,14
29103,Knox County,MO,29,0
29105,Laclede County,MO,29,0
29107,Lafayette County,MO,29,20
29109,Lawrence County,MO,29,0
29111,Lewis County,MO,29,0
29113,Lincoln County,MO,29,10
29115,Linn County,MO,29,0
29117,Livingston County,MO,29,1
29119,McDonald County,MO,29,2
29121,Macon County,MO,29,2
29123,Madison County,MO,29,0
29125,Maries County,MO,29,2
29127,Marion County,MO,29,0
29129,Mercer County,MO,29,0
29131,Miller County,MO,29,0
29133,Mississippi County,MO,29,0
29135,Moniteau County,MO,29,2
29137,Monroe County,MO,29,0
29139,Montgomery County,MO,29,2
29141,Morgan County,MO,29,1
29143,New Madrid County,MO,29,0
29145,Newton County,MO,29,5
29147,Nodaway County,MO,29,0
29149,Oregon County,MO,29,0
29151,Osage County,MO,29,2
29153,Ozark County,MO,29,0
29155,Pemiscot County,MO,29,2
29157,Perry County,MO,29,18
29159,Pettis County,MO,29,1
29161,Phelps County,MO,29,0
29163,Pike County,MO,29,1
29165,Platte County,MO,29,12
29167,Polk County,MO,29,0
29169,Pulaski County,MO,29,8
29171,Putnam County,MO,29,0
29173,Ralls County,MO,29,1
29175,Randolph County,MO,29,2
29177,Ray County,MO,29,1
29179,Reynolds County,MO,29,2
29181,Ripley County,MO,29,2
29183,St. Charles County,MO,29,93
29185,St. Clair County,MO,29,0
29186,Ste. Genevieve County,MO,29,3
29187,St. Francois County,MO,29,6
29189,St. Louis County,MO,29,605
29195,Saline County,MO,29,0
29197,Schuyler County,MO,29,0
29199,Scotland County,MO,29,0
29201,Scott County,MO,29,6
29203,Shannon County,MO,29,0
29205,Shelby County,MO,29,1
29207,Stoddard County,MO,29,3
29209,Stone County,MO,29,2
29211,Sullivan County,MO,29,0
29213,Taney County,MO,29,2
29215,Texas County,MO,29,0
29217,Vernon County,MO,29,0
29219,Warren County,MO,29,6
29221,Washington County,MO,29,0
29223,Wayne County,MO,29,0
29225,Webster County,MO,29,2
29227,Worth County,MO,29,0
29229,Wright County,MO,29,4
29510,City of St. Louis,MO,29,176
0,Statewide Unallocated,MT,30,0
30001,Beaverhead County,MT,30,0
30003,Big Horn County,MT,30,0
30005,Blaine County,MT,30,0
30007,Broadwater County,MT,30,3
30009,Carbon County,MT,30,1
30011,Carter County,MT,30,0
30013,Cascade County,MT,30,9
30015,Chouteau County,MT,30,0
30017,Custer County,MT,30,0
30019,Daniels County,MT,30,0
30021,Dawson County,MT,30,0
30023,Deer Lodge County,MT,30,3
30025,Fallon County,MT,30,0
30027,Fergus County,MT,30,0
30029,Flathead County,MT,30,17
30031,Gallatin County,MT,30,79
30033,Garfield County,MT,30,0
30035,Glacier County,MT,30,0
30037,Golden Valley County,MT,30,0
30039,Granite County,MT,30,0
30041,Hill County,MT,30,1
30043,Jefferson County,MT,30,2
30045,Judith Basin County,MT,30,0
30047,Lake County,MT,30,3
30049,Lewis and Clark County,MT,30,13
30051,Liberty County,MT,30,1
30053,Lincoln County,MT,30,6
30055,McCone County,MT,30,0
30057,Madison County,MT,30,6
30059,Meagher County,MT,30,1
30061,Mineral County,MT,30,0
30063,Missoula County,MT,30,15
30065,Musselshell County,MT,30,1
30067,Park County,MT,30,5
30069,Petroleum County,MT,30,0
30071,Phillips County,MT,30,0
30073,Pondera County,MT,30,0
30075,Powder River County,MT,30,0
30077,Powell County,MT,30,0
30079,Prairie County,MT,30,0
30081,Ravalli County,MT,30,1
30083,Richland County,MT,30,0
30085,Roosevelt County,MT,30,1
30087,Rosebud County,MT,30,0
30089,Sanders County,MT,30,0
30091,Sheridan County,MT,30,0
30093,Silver Bow County,MT,30,11
30095,Stillwater County,MT,30,0
30097,Sweet Grass County,MT,30,0
30099,Teton County,MT,30,0
30101,Toole County,MT,30,6
30103,Treasure County,MT,30,0
30105,Valley County,MT,30,0
30107,Wheatland County,MT,30,0
30109,Wibaux County,MT,30,0
30111,Yellowstone County,MT,30,32
0,Statewide Unallocated,NE,31,13
31001,Adams County,NE,31,4
31003,Antelope County,NE,31,1
31005,Arthur County,NE,31,0
31007,Banner County,NE,31,0
31009,Blaine County,NE,31,0
31011,Boone County,NE,31,0
31013,Box Butte County,NE,31,0
31015,Boyd County,NE,31,0
31017,Brown County,NE,31,0
31019,Buffalo County,NE,31,6
31021,Burt County,NE,31,0
31023,Butler County,NE,31,0
31025,Cass County,NE,31,2
31027,Cedar County,NE,31,0
31029,Chase County,NE,31,0
31031,Cherry County,NE,31,0
31033,Cheyenne County,NE,31,0
31035,Clay County,NE,31,0
31037,Colfax County,NE,31,0
31039,Cuming County,NE,31,0
31041,Custer County,NE,31,0
31043,Dakota County,NE,31,0
31045,Dawes County,NE,31,0
31047,Dawson County,NE,31,1
31049,Deuel County,NE,31,0
31051,Dixon County,NE,31,0
31053,Dodge County,NE,31,4
31055,Douglas County,NE,31,97
31057,Dundy County,NE,31,0
31059,Fillmore County,NE,31,0
31061,Franklin County,NE,31,0
31063,Frontier County,NE,31,0
31065,Furnas County,NE,31,0
31067,Gage County,NE,31,0
31069,Garden County,NE,31,0
31071,Garfield County,NE,31,0
31073,Gosper County,NE,31,1
31075,Grant County,NE,31,0
31077,Greeley County,NE,31,0
31079,Hall County,NE,31,15
31081,Hamilton County,NE,31,0
31083,Harlan County,NE,31,0
31085,Hayes County,NE,31,0
31087,Hitchcock County,NE,31,0
31089,Holt County,NE,31,0
31091,Hooker County,NE,31,0
31093,Howard County,NE,31,0
31095,Jefferson County,NE,31,0
31097,Johnson County,NE,31,0
31099,Kearney County,NE,31,1
31101,Keith County,NE,31,0
31103,Keya Paha County,NE,31,0
31105,Kimball County,NE,31,1
31107,Knox County,NE,31,2
31109,Lancaster County,NE,31,9
31111,Lincoln County,NE,31,9
31113,Logan County,NE,31,0
31115,Loup County,NE,31,0
31117,McPherson County,NE,31,0
31119,Madison County,NE,31,4
31121,Merrick County,NE,31,0
31123,Morrill County,NE,31,0
31125,Nance County,NE,31,0
31127,Nemaha County,NE,31,1
31129,Nuckolls County,NE,31,0
31131,Otoe County,NE,31,0
31133,Pawnee County,NE,31,0
31135,Perkins County,NE,31,0
31137,Phelps County,NE,31,0
31139,Pierce County,NE,31,0
31141,Platte County,NE,31,2
31143,Polk County,NE,31,0
31145,Red Willow County,NE,31,0
31147,Richardson County,NE,31,0
31149,Rock County,NE,31,0
31151,Saline County,NE,31,0
31153,Sarpy County,NE,31,17
31155,Saunders County,NE,31,2
31157,Scotts Bluff County,NE,31,3
31159,Seward County,NE,31,0
31161,Sheridan County,NE,31,0
31163,Sherman County,NE,31,0
31165,Sioux County,NE,31,0
31167,Stanton County,NE,31,0
31169,Thayer County,NE,31,0
31171,Thomas County,NE,31,0
31173,Thurston County,NE,31,0
31175,Valley County,NE,31,0
31177,Washington County,NE,31,18
31179,Wayne County,NE,31,0
31181,Webster County,NE,31,0
31183,Wheeler County,NE,31,0
31185,York County,NE,31,1
0,Statewide Unallocated,NV,32,122
32001,Churchill County,NV,32,0
32003,Clark County,NV,32,961
32005,Douglas County,NV,32,6
32007,Elko County,NV,32,5
32009,Esmeralda County,NV,32,0
32011,Eureka County,NV,32,0
32013,Humboldt County,NV,32,5
32015,Lander County,NV,32,0
32017,Lincoln County,NV,32,0
32019,Lyon County,NV,32,2
32021,Mineral County,NV,32,0
32023,Nye County,NV,32,6
32027,Pershing County,NV,32,0
32029,Storey County,NV,32,0
32031,Washoe County,NV,32,163
32033,White Pine County,NV,32,1
32510,Carson City,NV,32,8
0,Statewide Unallocated,NH,33,76
33001,Belknap County,NH,33,9
33003,Carroll County,NH,33,10
33005,Cheshire County,NH,33,3
33007,Coos County,NH,33,0
33009,Grafton County,NH,33,29
33011,Hillsborough County,NH,33,79
33013,Merrimack County,NH,33,21
33015,Rockingham County,NH,33,116
33017,Strafford County,NH,33,21
33019,Sullivan County,NH,33,3
0,Statewide Unallocated,NJ,34,4512
34001,Atlantic County,NJ,34,40
34003,Bergen County,NJ,34,3494
34005,Burlington County,NJ,34,255
34007,Camden County,NJ,34,289
34009,Cape May County,NJ,34,22
34011,Cumberland County,NJ,34,27
34013,Essex County,NJ,34,2262
34015,Gloucester County,NJ,34,149
34017,Hudson County,NJ,34,1910
34019,Hunterdon County,NJ,34,117
34021,Mercer County,NJ,34,333
34023,Middlesex County,NJ,34,1493
34025,Monmouth County,NJ,34,1301
34027,Morris County,NJ,34,942
34029,Ocean County,NJ,34,1209
34031,Passaic County,NJ,34,1494
34033,Salem County,NJ,34,19
34035,Somerset County,NJ,34,472
34037,Sussex County,NJ,34,158
34039,Union County,NJ,34,1661
34041,Warren County,NJ,34,96
0,Statewide Unallocated,NM,35,0
35001,Bernalillo County,NM,35,148
35003,Catron County,NM,35,0
35005,Chaves County,NM,35,10
35006,Cibola County,NM,35,4
35007,Colfax County,NM,35,0
35009,Curry County,NM,35,5
35011,De Baca County,NM,35,0
35013,Dona Ana County,NM,35,21
35015,Eddy County,NM,35,4
35017,Grant County,NM,35,1
35019,Guadalupe County,NM,35,0
35021,Harding County,NM,35,0
35023,Hidalgo County,NM,35,0
35025,Lea County,NM,35,2
35027,Lincoln County,NM,35,0
35028,Los Alamos County,NM,35,0
35029,Luna County,NM,35,0
35031,McKinley County,NM,35,20
35033,Mora County,NM,35,0
35035,Otero County,NM,35,1
35037,Quay County,NM,35,0
35039,Rio Arriba County,NM,35,4
35041,Roosevelt County,NM,35,1
35043,Sandoval County,NM,35,32
35045,San Juan County,NM,35,37
35047,San Miguel County,NM,35,1
35049,Santa Fe County,NM,35,48
35051,Sierra County,NM,35,0
35053,Socorro County,NM,35,3
35055,Taos County,NM,35,12
35057,Torrance County,NM,35,3
35059,Union County,NM,35,0
35061,Valencia County,NM,35,5
0,Statewide Unallocated,NY,36,0
1,New York City Unallocated/Probable,NY,36,35
36001,Albany County,NY,36,240
36003,Allegany County,NY,36,9
36005,Bronx County,NY,36,8607
36007,Broome County,NY,36,42
36009,Cattaraugus County,NY,36,7
36011,Cayuga County,NY,36,3
36013,Chautauqua County,NY,36,6
36015,Chemung County,NY,36,22
36017,Chenango County,NY,36,26
36019,Clinton County,NY,36,25
36021,Columbia County,NY,36,31
36023,Cortland County,NY,36,8
36025,Delaware County,NY,36,20
36027,Dutchess County,NY,36,547
36029,Erie County,NY,36,603
36031,Essex County,NY,36,6
36033,Franklin County,NY,36,9
36035,Fulton County,NY,36,2
36037,Genesee County,NY,36,13
36039,Greene County,NY,36,18
36041,Hamilton County,NY,36,2
36043,Herkimer County,NY,36,12
36045,Jefferson County,NY,36,12
36047,Kings County,NY,36,12274
36049,Lewis County,NY,36,2
36051,Livingston County,NY,36,14
36053,Madison County,NY,36,51
36055,Monroe County,NY,36,349
36057,Montgomery County,NY,36,7
36059,Nassau County,NY,36,9554
36061,New York County,NY,36,7022
36063,Niagara County,NY,36,46
36065,Oneida County,NY,36,50
36067,Onondaga County,NY,36,217
36069,Ontario County,NY,36,24
36071,Orange County,NY,36,1756
36073,Orleans County,NY,36,6
36075,Oswego County,NY,36,17
36077,Otsego County,NY,36,19
36079,Putnam County,NY,36,207
36081,Queens County,NY,36,15217
36083,Rensselaer County,NY,36,60
36085,Richmond County,NY,36,2552
36087,Rockland County,NY,36,3321
36089,St. Lawrence County,NY,36,34
36091,Saratoga County,NY,36,122
36093,Schenectady County,NY,36,93
36095,Schoharie County,NY,36,8
36097,Schuyler County,NY,36,2
36099,Seneca County,NY,36,2
36101,Steuben County,NY,36,38
36103,Suffolk County,NY,36,7605
36105,Sullivan County,NY,36,121
36107,Tioga County,NY,36,7
36109,Tompkins County,NY,36,68
36111,Ulster County,NY,36,221
36113,Warren County,NY,36,18
36115,Washington County,NY,36,10
36117,Wayne County,NY,36,20
36119,Westchester County,NY,36,10683
36121,Wyoming County,NY,36,10
36123,Yates County,NY,36,1
0,Statewide Unallocated,NC,37,0
37001,Alamance County,NC,37,7
37003,Alexander County,NC,37,2
37005,Alleghany County,NC,37,2
37007,Anson County,NC,37,1
37009,Ashe County,NC,37,0
37011,Avery County,NC,37,0
37013,Beaufort County,NC,37,5
37015,Bertie County,NC,37,6
37017,Bladen County,NC,37,0
37019,Brunswick County,NC,37,14
37021,Buncombe County,NC,37,20
37023,Burke County,NC,37,5
37025,Cabarrus County,NC,37,45
37027,Caldwell County,NC,37,3
37029,Camden County,NC,37,0
37031,Carteret County,NC,37,11
37033,Caswell County,NC,37,1
37035,Catawba County,NC,37,14
37037,Chatham County,NC,37,17
37039,Cherokee County,NC,37,8
37041,Chowan County,NC,37,0
37043,Clay County,NC,37,1
37045,Cleveland County,NC,37,6
37047,Columbus County,NC,37,2
37049,Craven County,NC,37,6
37051,Cumberland County,NC,37,19
37053,Currituck County,NC,37,1
37055,Dare County,NC,37,0
37057,Davidson County,NC,37,28
37059,Davie County,NC,37,11
37061,Duplin County,NC,37,1
37063,Durham County,NC,37,126
37065,Edgecombe County,NC,37,3
37067,Forsyth County,NC,37,41
37069,Franklin County,NC,37,11
37071,Gaston County,NC,37,31
37073,Gates County,NC,37,0
37075,Graham County,NC,37,0
37077,Granville County,NC,37,9
37079,Greene County,NC,37,3
37081,Guilford County,NC,37,55
37083,Halifax County,NC,37,4
37085,Harnett County,NC,37,17
37087,Haywood County,NC,37,0
37089,Henderson County,NC,37,18
37091,Hertford County,NC,37,4
37093,Hoke County,NC,37,4
37095,Hyde County,NC,37,0
37097,Iredell County,NC,37,25
37099,Jackson County,NC,37,0
37101,Johnston County,NC,37,17
37103,Jones County,NC,37,0
37105,Lee County,NC,37,3
37107,Lenoir County,NC,37,3
37109,Lincoln County,NC,37,5
37111,McDowell County,NC,37,7
37113,Macon County,NC,37,0
37115,Madison County,NC,37,0
37117,Martin County,NC,37,2
37119,Mecklenburg County,NC,37,444
37121,Mitchell County,NC,37,0
37123,Montgomery County,NC,37,7
37125,Moore County,NC,37,8
37127,Nash County,NC,37,9
37129,New Hanover County,NC,37,32
37131,Northampton County,NC,37,30
37133,Onslow County,NC,37,7
37135,Orange County,NC,37,37
37137,Pamlico County,NC,37,1
37139,Pasquotank County,NC,37,4
37141,Pender County,NC,37,0
37143,Perquimans County,NC,37,1
37145,Person County,NC,37,2
37147,Pitt County,NC,37,26
37149,Polk County,NC,37,4
37151,Randolph County,NC,37,17
37153,Richmond County,NC,37,0
37155,Robeson County,NC,37,3
37157,Rockingham County,NC,37,0
37159,Rowan County,NC,37,24
37161,Rutherford County,NC,37,7
37163,Sampson County,NC,37,1
37165,Scotland County,NC,37,2
37167,Stanly County,NC,37,5
37169,Stokes County,NC,37,0
37171,Surry County,NC,37,2
37173,Swain County,NC,37,0
37175,Transylvania County,NC,37,5
37177,Tyrrell County,NC,37,0
37179,Union County,NC,37,47
37181,Vance County,NC,37,4
37183,Wake County,NC,37,195
37185,Warren County,NC,37,0
37187,Washington County,NC,37,2
37189,Watauga County,NC,37,6
37191,Wayne County,NC,37,4
37193,Wilkes County,NC,37,2
37195,Wilson County,NC,37,15
37197,Yadkin County,NC,37,3
37199,Yancey County,NC,37,0
0,Statewide Unallocated,ND,38,0
38001,Adams County,ND,38,0
38003,Barnes County,ND,38,2
38005,Benson County,ND,38,0
38007,Billings County,ND,38,0
38009,Bottineau County,ND,38,0
38011,Bowman County,ND,38,0
38013,Burke County,ND,38,2
38015,Burleigh County,ND,38,32
38017,Cass County,ND,38,37
38019,Cavalier County,ND,38,0
38021,Dickey County,ND,38,0
38023,Divide County,ND,38,1
38025,Dunn County,ND,38,1
38027,Eddy County,ND,38,0
38029,Emmons County,ND,38,0
38031,Foster County,ND,38,1
38033,Golden Valley County,ND,38,0
38035,Grand Forks County,ND,38,5
38037,Grant County,ND,38,1
38039,Griggs County,ND,38,0
38041,Hettinger County,ND,38,0
38043,Kidder County,ND,38,0
38045,LaMoure County,ND,38,0
38047,Logan County,ND,38,0
38049,McHenry County,ND,38,1
38051,McIntosh County,ND,38,1
38053,McKenzie County,ND,38,2
38055,McLean County,ND,38,2
38057,Mercer County,ND,38,0
38059,Morton County,ND,38,14
38061,Mountrail County,ND,38,6
38063,Nelson County,ND,38,0
38065,Oliver County,ND,38,1
38067,Pembina County,ND,38,0
38069,Pierce County,ND,38,2
38071,Ramsey County,ND,38,3
38073,Ransom County,ND,38,0
38075,Renville County,ND,38,0
38077,Richland County,ND,38,0
38079,Rolette County,ND,38,0
38081,Sargent County,ND,38,0
38083,Sheridan County,ND,38,0
38085,Sioux County,ND,38,1
38087,Slope County,ND,38,0
38089,Stark County,ND,38,16
38091,Steele County,ND,38,0
38093,Stutsman County,ND,38,0
38095,Towner County,ND,38,0
38097,Traill County,ND,38,0
38099,Walsh County,ND,38,1
38101,Ward County,ND,38,12
38103,Wells County,ND,38,0
38105,Williams County,ND,38,3
0,Statewide Unallocated,OH,39,0
39001,Adams County,OH,39,0
39003,Allen County,OH,39,6
39005,Ashland County,OH,39,2
39007,Ashtabula County,OH,39,6
39009,Athens County,OH,39,3
39011,Auglaize County,OH,39,3
39013,Belmont County,OH,39,11
39015,Brown County,OH,39,2
39017,Butler County,OH,39,41
39019,Carroll County,OH,39,5
39021,Champaign County,OH,39,4
39023,Clark County,OH,39,6
39025,Clermont County,OH,39,11
39027,Clinton County,OH,39,4
39029,Columbiana County,OH,39,19
39031,Coshocton County,OH,39,7
39033,Crawford County,OH,39,5
39035,Cuyahoga County,OH,39,589
39037,Darke County,OH,39,22
39039,Defiance County,OH,39,6
39041,Delaware County,OH,39,47
39043,Erie County,OH,39,5
39045,Fairfield County,OH,39,22
39047,Fayette County,OH,39,1
39049,Franklin County,OH,39,391
39051,Fulton County,OH,39,2
39053,Gallia County,OH,39,1
39055,Geauga County,OH,39,25
39057,Greene County,OH,39,8
39059,Guernsey County,OH,39,0
39061,Hamilton County,OH,39,154
39063,Hancock County,OH,39,6
39065,Hardin County,OH,39,0
39067,Harrison County,OH,39,0
39069,Henry County,OH,39,0
39071,Highland County,OH,39,2
39073,Hocking County,OH,39,0
39075,Holmes County,OH,39,1
39077,Huron County,OH,39,4
39079,Jackson County,OH,39,0
39081,Jefferson County,OH,39,11
39083,Knox County,OH,39,4
39085,Lake County,OH,39,48
39087,Lawrence County,OH,39,1
39089,Licking County,OH,39,24
39091,Logan County,OH,39,3
39093,Lorain County,OH,39,85
39095,Lucas County,OH,39,171
39097,Madison County,OH,39,9
39099,Mahoning County,OH,39,177
39101,Marion County,OH,39,9
39103,Medina County,OH,39,59
39105,Meigs County,OH,39,0
39107,Mercer County,OH,39,4
39109,Miami County,OH,39,60
39111,Monroe County,OH,39,0
39113,Montgomery County,OH,39,41
39115,Morgan County,OH,39,0
39117,Morrow County,OH,39,1
39119,Muskingum County,OH,39,2
39121,Noble County,OH,39,0
39123,Ottawa County,OH,39,4
39125,Paulding County,OH,39,0
39127,Perry County,OH,39,2
39129,Pickaway County,OH,39,11
39131,Pike County,OH,39,1
39133,Portage County,OH,39,44
39135,Preble County,OH,39,1
39137,Putnam County,OH,39,0
39139,Richland County,OH,39,8
39141,Ross County,OH,39,2
39143,Sandusky County,OH,39,5
39145,Scioto County,OH,39,0
39147,Seneca County,OH,39,4
39149,Shelby County,OH,39,6
39151,Stark County,OH,39,52
39153,Summit County,OH,39,144
39155,Trumbull County,OH,39,58
39157,Tuscarawas County,OH,39,14
39159,Union County,OH,39,4
39161,Van Wert County,OH,39,2
39163,Vinton County,OH,39,0
39165,Warren County,OH,39,23
39167,Washington County,OH,39,3
39169,Wayne County,OH,39,11
39171,Williams County,OH,39,0
39173,Wood County,OH,39,15
39175,Wyandot County,OH,39,2
0,Statewide Unallocated,OK,40,1
40001,Adair County,OK,40,8
40003,Alfalfa County,OK,40,0
40005,Atoka County,OK,40,0
40007,Beaver County,OK,40,0
40009,Beckham County,OK,40,1
40011,Blaine County,OK,40,0
40013,Bryan County,OK,40,1
40015,Caddo County,OK,40,1
40017,Canadian County,OK,40,24
40019,Carter County,OK,40,1
40021,Cherokee County,OK,40,7
40023,Choctaw County,OK,40,1
40025,Cimarron County,OK,40,0
40027,Cleveland County,OK,40,87
40029,Coal County,OK,40,0
40031,Comanche County,OK,40,21
40033,Cotton County,OK,40,1
40035,Craig County,OK,40,2
40037,Creek County,OK,40,27
40039,Custer County,OK,40,4
40041,Delaware County,OK,40,8
40043,Dewey County,OK,40,0
40045,Ellis County,OK,40,0
40047,Garfield County,OK,40,4
40049,Garvin County,OK,40,7
40051,Grady County,OK,40,3
40053,Grant County,OK,40,0
40055,Greer County,OK,40,2
40057,Harmon County,OK,40,0
40059,Harper County,OK,40,0
40061,Haskell County,OK,40,0
40063,Hughes County,OK,40,0
40065,Jackson County,OK,40,2
40067,Jefferson County,OK,40,0
40069,Johnston County,OK,40,0
40071,Kay County,OK,40,24
40073,Kingfisher County,OK,40,0
40075,Kiowa County,OK,40,0
40077,Latimer County,OK,40,2
40079,Le Flore County,OK,40,1
40081,Lincoln County,OK,40,5
40083,Logan County,OK,40,4
40085,Love County,OK,40,1
40087,McClain County,OK,40,9
40089,McCurtain County,OK,40,0
40091,McIntosh County,OK,40,0
40093,Major County,OK,40,0
40095,Marshall County,OK,40,0
40097,Mayes County,OK,40,5
40099,Murray County,OK,40,0
40101,Muskogee County,OK,40,13
40103,Noble County,OK,40,5
40105,Nowata County,OK,40,5
40107,Okfuskee County,OK,40,0
40109,Oklahoma County,OK,40,192
40111,Okmulgee County,OK,40,4
40113,Osage County,OK,40,19
40115,Ottawa County,OK,40,7
40117,Pawnee County,OK,40,15
40119,Payne County,OK,40,16
40121,Pittsburg County,OK,40,2
40123,Pontotoc County,OK,40,5
40125,Pottawatomie County,OK,40,6
40127,Pushmataha County,OK,40,0
40129,Roger Mills County,OK,40,0
40131,Rogers County,OK,40,4
40133,Seminole County,OK,40,1
40135,Sequoyah County,OK,40,2
40137,Stephens County,OK,40,6
40139,Texas County,OK,40,1
40141,Tillman County,OK,40,0
40143,Tulsa County,OK,40,115
40145,Wagoner County,OK,40,15
40147,Washington County,OK,40,23
40149,Washita County,OK,40,0
40151,Woods County,OK,40,0
40153,Woodward County,OK,40,0
0,Statewide Unallocated,OR,41,0
41001,Baker County,OR,41,0
41003,Benton County,OR,41,13
41005,Clackamas County,OR,41,56
41007,Clatsop County,OR,41,3
41009,Columbia County,OR,41,1
41011,Coos County,OR,41,0
41013,Crook County,OR,41,0
41015,Curry County,OR,41,0
41017,Deschutes County,OR,41,27
41019,Douglas County,OR,41,9
41021,Gilliam County,OR,41,0
41023,Grant County,OR,41,1
41025,Harney County,OR,41,0
41027,Hood River County,OR,41,2
41029,Jackson County,OR,41,22
41031,Jefferson County,OR,41,0
41033,Josephine County,OR,41,10
41035,Klamath County,OR,41,5
41037,Lake County,OR,41,0
41039,Lane County,OR,41,18
41041,Lincoln County,OR,41,3
41043,Linn County,OR,41,37
41045,Malheur County,OR,41,1
41047,Marion County,OR,41,151
41049,Morrow County,OR,41,1
41051,Multnomah County,OR,41,134
41053,Polk County,OR,41,18
41055,Sherman County,OR,41,0
41057,Tillamook County,OR,41,3
41059,Umatilla County,OR,41,5
41061,Union County,OR,41,1
41063,Wallowa County,OR,41,1
41065,Wasco County,OR,41,7
41067,Washington County,OR,41,189
41069,Wheeler County,OR,41,0
41071,Yamhill County,OR,41,17
0,Statewide Unallocated,PA,42,0
42001,Adams County,PA,42,12
42003,Allegheny County,PA,42,356
42005,Armstrong County,PA,42,5
42007,Beaver County,PA,42,54
42009,Bedford County,PA,42,3
42011,Berks County,PA,42,151
42013,Blair County,PA,42,4
42015,Bradford County,PA,42,8
42017,Bucks County,PA,42,312
42019,Butler County,PA,42,64
42021,Cambria County,PA,42,3
42023,Cameron County,PA,42,1
42025,Carbon County,PA,42,23
42027,Centre County,PA,42,27
42029,Chester County,PA,42,183
42031,Clarion County,PA,42,4
42033,Clearfield County,PA,42,4
42035,Clinton County,PA,42,0
42037,Columbia County,PA,42,8
42039,Crawford County,PA,42,5
42041,Cumberland County,PA,42,38
42043,Dauphin County,PA,42,59
42045,Delaware County,PA,42,390
42047,Elk County,PA,42,0
42049,Erie County,PA,42,15
42051,Fayette County,PA,42,14
42053,Forest County,PA,42,0
42055,Franklin County,PA,42,21
42057,Fulton County,PA,42,0
42059,Greene County,PA,42,9
42061,Huntingdon County,PA,42,1
42063,Indiana County,PA,42,6
42065,Jefferson County,PA,42,0
42067,Juniata County,PA,42,2
42069,Lackawanna County,PA,42,85
42071,Lancaster County,PA,42,157
42073,Lawrence County,PA,42,13
42075,Lebanon County,PA,42,36
42077,Lehigh County,PA,42,374
42079,Luzerne County,PA,42,282
42081,Lycoming County,PA,42,7
42083,McKean County,PA,42,1
42085,Mercer County,PA,42,8
42087,Mifflin County,PA,42,1
42089,Monroe County,PA,42,278
42091,Montgomery County,PA,42,649
42093,Montour County,PA,42,13
42095,Northampton County,PA,42,312
42097,Northumberland County,PA,42,6
42099,Perry County,PA,42,1
42101,Philadelphia County,PA,42,1478
42103,Pike County,PA,42,57
42105,Potter County,PA,42,2
42107,Schuylkill County,PA,42,47
42109,Snyder County,PA,42,3
42111,Somerset County,PA,42,3
42113,Sullivan County,PA,42,0
42115,Susquehanna County,PA,42,2
42117,Tioga County,PA,42,2
42119,Union County,PA,42,2
42121,Venango County,PA,42,3
42123,Warren County,PA,42,1
42125,Washington County,PA,42,35
42127,Wayne County,PA,42,14
42129,Westmoreland County,PA,42,72
42131,Wyoming County,PA,42,0
42133,York County,PA,42,79
0,Statewide Unallocated,RI,44,46
44001,Bristol County,RI,44,20
44003,Kent County,RI,44,41
44005,Newport County,RI,44,31
44007,Providence County,RI,44,391
44009,Washington County,RI,44,34
0,Statewide Unallocated,SC,45,0
45001,Abbeville County,SC,45,4
45003,Aiken County,SC,45,18
45005,Allendale County,SC,45,1
45007,Anderson County,SC,45,47
45009,Bamberg County,SC,45,4
45011,Barnwell County,SC,45,2
45013,Beaufort County,SC,45,101
45015,Berkeley County,SC,45,18
45017,Calhoun County,SC,45,3
45019,Charleston County,SC,45,190
45021,Cherokee County,SC,45,0
45023,Chester County,SC,45,3
45025,Chesterfield County,SC,45,9
45027,Clarendon County,SC,45,28
45029,Colleton County,SC,45,5
45031,Darlington County,SC,45,11
45033,Dillon County,SC,45,1
45035,Dorchester County,SC,45,27
45037,Edgefield County,SC,45,4
45039,Fairfield County,SC,45,7
45041,Florence County,SC,45,21
45043,Georgetown County,SC,45,14
45045,Greenville County,SC,45,129
45047,Greenwood County,SC,45,6
45049,Hampton County,SC,45,0
45051,Horry County,SC,45,42
45053,Jasper County,SC,45,4
45055,Kershaw County,SC,45,116
45057,Lancaster County,SC,45,17
45059,Laurens County,SC,45,4
45061,Lee County,SC,45,5
45063,Lexington County,SC,45,61
45065,McCormick County,SC,45,0
45067,Marion County,SC,45,2
45069,Marlboro County,SC,45,2
45071,Newberry County,SC,45,2
45073,Oconee County,SC,45,5
45075,Orangeburg County,SC,45,24
45077,Pickens County,SC,45,14
45079,Richland County,SC,45,176
45081,Saluda County,SC,45,1
45083,Spartanburg County,SC,45,45
45085,Sumter County,SC,45,48
45087,Union County,SC,45,3
45089,Williamsburg County,SC,45,3
45091,York County,SC,45,66
0,Statewide Unallocated,SD,46,0
46003,Aurora County,SD,46,1
46005,Beadle County,SD,46,21
46007,Bennett County,SD,46,0
46009,Bon Homme County,SD,46,1
46011,Brookings County,SD,46,2
46013,Brown County,SD,46,4
46015,Brule County,SD,46,0
46017,Buffalo County,SD,46,0
46019,Butte County,SD,46,0
46021,Campbell County,SD,46,0
46023,Charles Mix County,SD,46,1
46025,Clark County,SD,46,1
46027,Clay County,SD,46,3
46029,Codington County,SD,46,5
46031,Corson County,SD,46,0
46033,Custer County,SD,46,0
46035,Davison County,SD,46,2
46037,Day County,SD,46,0
46039,Deuel County,SD,46,1
46041,Dewey County,SD,46,0
46043,Douglas County,SD,46,0
46045,Edmunds County,SD,46,0
46047,Fall River County,SD,46,1
46049,Faulk County,SD,46,1
46051,Grant County,SD,46,0
46053,Gregory County,SD,46,0
46055,Haakon County,SD,46,0
46057,Hamlin County,SD,46,1
46059,Hand County,SD,46,0
46061,Hanson County,SD,46,0
46063,Harding County,SD,46,0
46065,Hughes County,SD,46,2
46067,Hutchinson County,SD,46,2
46069,Hyde County,SD,46,0
46071,Jackson County,SD,46,0
46073,Jerauld County,SD,46,0
46075,Jones County,SD,46,0
46077,Kingsbury County,SD,46,0
46079,Lake County,SD,46,0
46081,Lawrence County,SD,46,6
46083,Lincoln County,SD,46,11
46085,Lyman County,SD,46,1
46087,McCook County,SD,46,2
46089,McPherson County,SD,46,0
46091,Marshall County,SD,46,1
46093,Meade County,SD,46,1
46095,Mellette County,SD,46,0
46097,Miner County,SD,46,0
46099,Minnehaha County,SD,46,40
46101,Moody County,SD,46,0
46102,Oglala Lakota County,SD,46,0
46103,Pennington County,SD,46,5
46105,Perkins County,SD,46,0
46107,Potter County,SD,46,0
46109,Roberts County,SD,46,2
46111,Sanborn County,SD,46,0
46115,Spink County,SD,46,0
46117,Stanley County,SD,46,0
46119,Sully County,SD,46,0
46121,Todd County,SD,46,1
46123,Tripp County,SD,46,0
46125,Turner County,SD,46,1
46127,Union County,SD,46,1
46129,Walworth County,SD,46,0
46135,Yankton County,SD,46,8
46137,Ziebach County,SD,46,0
0,Statewide Unallocated,TN,47,685
47001,Anderson County,TN,47,10
47003,Bedford County,TN,47,4
47005,Benton County,TN,47,4
47007,Bledsoe County,TN,47,2
47009,Blount County,TN,47,28
47011,Bradley County,TN,47,14
47013,Campbell County,TN,47,4
47015,Cannon County,TN,47,3
47017,Carroll County,TN,47,5
47019,Carter County,TN,47,1
47021,Cheatham County,TN,47,11
47023,Chester County,TN,47,3
47025,Claiborne County,TN,47,2
47027,Clay County,TN,47,1
47029,Cocke County,TN,47,1
47031,Coffee County,TN,47,1
47033,Crockett County,TN,47,0
47035,Cumberland County,TN,47,14
47037,Davidson County,TN,47,423
47039,Decatur County,TN,47,0
47041,DeKalb County,TN,47,5
47043,Dickson County,TN,47,18
47045,Dyer County,TN,47,3
47047,Fayette County,TN,47,14
47049,Fentress County,TN,47,1
47051,Franklin County,TN,47,7
47053,Gibson County,TN,47,6
47055,Giles County,TN,47,3
47057,Grainger County,TN,47,3
47059,Greene County,TN,47,15
47061,Grundy County,TN,47,6
47063,Hamblen County,TN,47,3
47065,Hamilton County,TN,47,50
47067,Hancock County,TN,47,0
47069,Hardeman County,TN,47,4
47071,Hardin County,TN,47,2
47073,Hawkins County,TN,47,5
47075,Haywood County,TN,47,2
47077,Henderson County,TN,47,0
47079,Henry County,TN,47,1
47081,Hickman County,TN,47,1
47083,Houston County,TN,47,1
47085,Humphreys County,TN,47,2
47087,Jackson County,TN,47,0
47089,Jefferson County,TN,47,6
47091,Johnson County,TN,47,2
47093,Knox County,TN,47,78
47095,Lake County,TN,47,0
47097,Lauderdale County,TN,47,1
47099,Lawrence County,TN,47,2
47101,Lewis County,TN,47,2
47103,Lincoln County,TN,47,2
47105,Loudon County,TN,47,8
47107,McMinn County,TN,47,3
47109,McNairy County,TN,47,1
47111,Macon County,TN,47,4
47113,Madison County,TN,47,7
47115,Marion County,TN,47,8
47117,Marshall County,TN,47,1
47119,Maury County,TN,47,17
47121,Meigs County,TN,47,1
47123,Monroe County,TN,47,5
47125,Montgomery County,TN,47,27
47127,Moore County,TN,47,0
47129,Morgan County,TN,47,1
47131,Obion County,TN,47,2
47133,Overton County,TN,47,2
47135,Perry County,TN,47,2
47137,Pickett County,TN,47,0
47139,Polk County,TN,47,0
47141,Putnam County,TN,47,31
47143,Rhea County,TN,47,0
47145,Roane County,TN,47,2
47147,Robertson County,TN,47,35
47149,Rutherford County,TN,47,86
47151,Scott County,TN,47,3
47153,Sequatchie County,TN,47,1
47155,Sevier County,TN,47,9
47157,Shelby County,TN,47,496
47159,Smith County,TN,47,3
47161,Stewart County,TN,47,0
47163,Sullivan County,TN,47,17
47165,Sumner County,TN,47,201
47167,Tipton County,TN,47,22
47169,Trousdale County,TN,47,5
47171,Unicoi County,TN,47,1
47173,Union County,TN,47,1
47175,Van Buren County,TN,47,0
47177,Warren County,TN,47,1
47179,Washington County,TN,47,20
47181,Wayne County,TN,47,1
47183,Weakley County,TN,47,1
47185,White County,TN,47,2
47187,Williamson County,TN,47,148
47189,Wilson County,TN,47,45
0,Statewide Unallocated,TX,48,0
48001,Anderson County,TX,48,1
48003,Andrews County,TX,48,0
48005,Angelina County,TX,48,5
48007,Aransas County,TX,48,0
48009,Archer County,TX,48,0
48011,Armstrong County,TX,48,0
48013,Atascosa County,TX,48,2
48015,Austin County,TX,48,2
48017,Bailey County,TX,48,0
48019,Bandera County,TX,48,0
48021,Bastrop County,TX,48,8
48023,Baylor County,TX,48,0
48025,Bee County,TX,48,0
48027,Bell County,TX,48,46
48029,Bexar County,TX,48,229
48031,Blanco County,TX,48,1
48033,Borden County,TX,48,0
48035,Bosque County,TX,48,0
48037,Bowie County,TX,48,9
48039,Brazoria County,TX,48,109
48041,Brazos County,TX,48,53
48043,Brewster County,TX,48,0
48045,Briscoe County,TX,48,0
48047,Brooks County,TX,48,0
48049,Brown County,TX,48,3
48051,Burleson County,TX,48,1
48053,Burnet County,TX,48,3
48055,Caldwell County,TX,48,1
48057,Calhoun County,TX,48,7
48059,Callahan County,TX,48,0
48061,Cameron County,TX,48,37
48063,Camp County,TX,48,1
48065,Carson County,TX,48,0
48067,Cass County,TX,48,3
48069,Castro County,TX,48,8
48071,Chambers County,TX,48,9
48073,Cherokee County,TX,48,4
48075,Childress County,TX,48,0
48077,Clay County,TX,48,1
48079,Cochran County,TX,48,0
48081,Coke County,TX,48,0
48083,Coleman County,TX,48,0
48085,Collin County,TX,48,207
48087,Collingsworth County,TX,48,0
48089,Colorado County,TX,48,2
48091,Comal County,TX,48,11
48093,Comanche County,TX,48,1
48095,Concho County,TX,48,0
48097,Cooke County,TX,48,0
48099,Coryell County,TX,48,1
48101,Cottle County,TX,48,0
48103,Crane County,TX,48,2
48105,Crockett County,TX,48,0
48107,Crosby County,TX,48,0
48109,Culberson County,TX,48,0
48111,Dallam County,TX,48,0
48113,Dallas County,TX,48,731
48115,Dawson County,TX,48,3
48117,Deaf Smith County,TX,48,2
48119,Delta County,TX,48,0
48121,Denton County,TX,48,231
48123,DeWitt County,TX,48,4
48125,Dickens County,TX,48,0
48127,Dimmit County,TX,48,0
48129,Donley County,TX,48,0
48131,Duval County,TX,48,0
48133,Eastland County,TX,48,3
48135,Ector County,TX,48,11
48137,Edwards County,TX,48,0
48139,Ellis County,TX,48,20
48141,El Paso County,TX,48,50
48143,Erath County,TX,48,2
48145,Falls County,TX,48,1
48147,Fannin County,TX,48,1
48149,Fayette County,TX,48,4
48151,Fisher County,TX,48,0
48153,Floyd County,TX,48,0
48155,Foard County,TX,48,0
48157,Fort Bend County,TX,48,194
48159,Franklin County,TX,48,1
48161,Freestone County,TX,48,0
48163,Frio County,TX,48,0
48165,Gaines County,TX,48,1
48167,Galveston County,TX,48,106
48169,Garza County,TX,48,0
48171,Gillespie County,TX,48,0
48173,Glasscock County,TX,48,0
48175,Goliad County,TX,48,0
48177,Gonzales County,TX,48,1
48179,Gray County,TX,48,1
48181,Grayson County,TX,48,8
48183,Gregg County,TX,48,6
48185,Grimes County,TX,48,3
48187,Guadalupe County,TX,48,17
48189,Hale County,TX,48,1
48191,Hall County,TX,48,0
48193,Hamilton County,TX,48,0
48195,Hansford County,TX,48,0
48197,Hardeman County,TX,48,0
48199,Hardin County,TX,48,13
48201,Harris County,TX,48,680
48203,Harrison County,TX,48,3
48205,Hartley County,TX,48,0
48207,Haskell County,TX,48,0
48209,Hays County,TX,48,38
48211,Hemphill County,TX,48,0
48213,Henderson County,TX,48,1
48215,Hidalgo County,TX,48,62
48217,Hill County,TX,48,2
48219,Hockley County,TX,48,7
48221,Hood County,TX,48,6
48223,Hopkins County,TX,48,3
48225,Houston County,TX,48,0
48227,Howard County,TX,48,0
48229,Hudspeth County,TX,48,0
48231,Hunt County,TX,48,1
48233,Hutchinson County,TX,48,0
48235,Irion County,TX,48,0
48237,Jack County,TX,48,0
48239,Jackson County,TX,48,1
48241,Jasper County,TX,48,0
48243,Jeff Davis County,TX,48,0
48245,Jefferson County,TX,48,27
48247,Jim Hogg County,TX,48,0
48249,Jim Wells County,TX,48,0
48251,Johnson County,TX,48,12
48253,Jones County,TX,48,0
48255,Karnes County,TX,48,2
48257,Kaufman County,TX,48,4
48259,Kendall County,TX,48,7
48261,Kenedy County,TX,48,0
48263,Kent County,TX,48,0
48265,Kerr County,TX,48,1
48267,Kimble County,TX,48,0
48269,King County,TX,48,0
48271,Kinney County,TX,48,0
48273,Kleberg County,TX,48,1
48275,Knox County,TX,48,0
48277,Lamar County,TX,48,3
48279,Lamb County,TX,48,1
48281,Lampasas County,TX,48,0
48283,La Salle County,TX,48,0
48285,Lavaca County,TX,48,1
48287,Lee County,TX,48,0
48289,Leon County,TX,48,2
48291,Liberty County,TX,48,3
48293,Limestone County,TX,48,2
48295,Lipscomb County,TX,48,0
48297,Live Oak County,TX,48,1
48299,Llano County,TX,48,2
48301,Loving County,TX,48,0
48303,Lubbock County,TX,48,100
48305,Lynn County,TX,48,2
48307,McCulloch County,TX,48,0
48309,McLennan County,TX,48,44
48311,McMullen County,TX,48,0
48313,Madison County,TX,48,0
48315,Marion County,TX,48,0
48317,Martin County,TX,48,1
48319,Mason County,TX,48,0
48321,Matagorda County,TX,48,25
48323,Maverick County,TX,48,1
48325,Medina County,TX,48,3
48327,Menard County,TX,48,0
48329,Midland County,TX,48,16
48331,Milam County,TX,48,2
48333,Mills County,TX,48,0
48335,Mitchell County,TX,48,0
48337,Montague County,TX,48,1
48339,Montgomery County,TX,48,110
48341,Moore County,TX,48,1
48343,Morris County,TX,48,1
48345,Motley County,TX,48,0
48347,Nacogdoches County,TX,48,4
48349,Navarro County,TX,48,4
48351,Newton County,TX,48,1
48353,Nolan County,TX,48,0
48355,Nueces County,TX,48,34
48357,Ochiltree County,TX,48,0
48359,Oldham County,TX,48,2
48361,Orange County,TX,48,7
48363,Palo Pinto County,TX,48,0
48365,Panola County,TX,48,0
48367,Parker County,TX,48,3
48369,Parmer County,TX,48,0
48371,Pecos County,TX,48,0
48373,Polk County,TX,48,4
48375,Potter County,TX,48,10
48377,Presidio County,TX,48,0
48379,Rains County,TX,48,0
48381,Randall County,TX,48,6
48383,Reagan County,TX,48,0
48385,Real County,TX,48,0
48387,Red River County,TX,48,0
48389,Reeves County,TX,48,0
48391,Refugio County,TX,48,0
48393,Roberts County,TX,48,0
48395,Robertson County,TX,48,2
48397,Rockwall County,TX,48,9
48399,Runnels County,TX,48,0
48401,Rusk County,TX,48,5
48403,Sabine County,TX,48,0
48405,San Augustine County,TX,48,1
48407,San Jacinto County,TX,48,1
48409,San Patricio County,TX,48,2
48411,San Saba County,TX,48,0
48413,Schleicher County,TX,48,0
48415,Scurry County,TX,48,0
48417,Shackelford County,TX,48,0
48419,Shelby County,TX,48,2
48421,Sherman County,TX,48,0
48423,Smith County,TX,48,37
48425,Somervell County,TX,48,0
48427,Starr County,TX,48,4
48429,Stephens County,TX,48,0
48431,Sterling County,TX,48,0
48433,Stonewall County,TX,48,0
48435,Sutton County,TX,48,0
48437,Swisher County,TX,48,1
48439,Tarrant County,TX,48,288
48441,Taylor County,TX,48,14
48443,Terrell County,TX,48,0
48445,Terry County,TX,48,4
48447,Throckmorton County,TX,48,0
48449,Titus County,TX,48,0
48451,Tom Green County,TX,48,9
48453,Travis County,TX,48,244
48455,Trinity County,TX,48,0
48457,Tyler County,TX,48,0
48459,Upshur County,TX,48,2
48461,Upton County,TX,48,0
48463,Uvalde County,TX,48,4
48465,Val Verde County,TX,48,5
48467,Van Zandt County,TX,48,2
48469,Victoria County,TX,48,16
48471,Walker County,TX,48,5
48473,Waller County,TX,48,3
48475,Ward County,TX,48,0
48477,Washington County,TX,48,17
48479,Webb County,TX,48,45
48481,Wharton County,TX,48,7
48483,Wheeler County,TX,48,0
48485,Wichita County,TX,48,38
48487,Wilbarger County,TX,48,0
48489,Willacy County,TX,48,2
48491,Williamson County,TX,48,50
48493,Wilson County,TX,48,5
48495,Winkler County,TX,48,0
48497,Wise County,TX,48,3
48499,Wood County,TX,48,1
48501,Yoakum County,TX,48,0
48503,Young County,TX,48,3
48505,Zapata County,TX,48,0
48507,Zavala County,TX,48,0
0,Statewide Unallocated,UT,49,7
49001,Beaver County,UT,49,0
49003,Box Elder County,UT,49,9
49005,Cache County,UT,49,7
49007,Carbon County,UT,49,0
49009,Daggett County,UT,49,0
49011,Davis County,UT,49,93
49013,Duchesne County,UT,49,1
49015,Emery County,UT,49,0
49017,Garfield County,UT,49,1
49019,Grand County,UT,49,1
49021,Iron County,UT,49,7
49023,Juab County,UT,49,0
49025,Kane County,UT,49,1
49027,Millard County,UT,49,0
49029,Morgan County,UT,49,2
49031,Piute County,UT,49,0
49033,Rich County,UT,49,0
49035,Salt Lake County,UT,49,449
49037,San Juan County,UT,49,4
49039,Sanpete County,UT,49,0
49041,Sevier County,UT,49,0
49043,Summit County,UT,49,204
49045,Tooele County,UT,49,13
49047,Uintah County,UT,49,1
49049,Utah County,UT,49,91
49051,Wasatch County,UT,49,57
49053,Washington County,UT,49,18
49055,Wayne County,UT,49,0
49057,Weber County,UT,49,47
0,Statewide Unallocated,VT,50,14
50001,Addison County,VT,50,24
50003,Bennington County,VT,50,17
50005,Caledonia County,VT,50,3
50007,Chittenden County,VT,50,164
50009,Essex County,VT,50,0
50011,Franklin County,VT,50,15
50013,Grand Isle County,VT,50,0
50015,Lamoille County,VT,50,13
50017,Orange County,VT,50,4
50019,Orleans County,VT,50,7
50021,Rutland County,VT,50,10
50023,Washington County,VT,50,15
50025,Windham County,VT,50,16
50027,Windsor County,VT,50,18
0,Statewide Unallocated,VA,51,0
51001,Accomack County,VA,51,7
51003,Albemarle County,VA,51,21
51005,Alleghany County,VA,51,1
51007,Amelia County,VA,51,2
51009,Amherst County,VA,51,5
51011,Appomattox County,VA,51,0
51013,Arlington County,VA,51,119
51015,Augusta County,VA,51,1
51017,Bath County,VA,51,0
51019,Bedford County,VA,51,3
51021,Bland County,VA,51,0
51023,Botetourt County,VA,51,6
51025,Brunswick County,VA,51,1
51027,Buchanan County,VA,51,0
51029,Buckingham County,VA,51,2
51031,Campbell County,VA,51,2
51033,Caroline County,VA,51,0
51035,Carroll County,VA,51,1
51036,Charles City County,VA,51,2
51037,Charlotte County,VA,51,0
51041,Chesterfield County,VA,51,59
51043,Clarke County,VA,51,1
51045,Craig County,VA,51,0
51047,Culpeper County,VA,51,5
51049,Cumberland County,VA,51,0
51051,Dickenson County,VA,51,0
51053,Dinwiddie County,VA,51,0
51057,Essex County,VA,51,0
51059,Fairfax County,VA,51,288
51061,Fauquier County,VA,51,7
51063,Floyd County,VA,51,0
51065,Fluvanna County,VA,51,3
51067,Franklin County,VA,51,5
51069,Frederick County,VA,51,15
51071,Giles County,VA,51,0
51073,Gloucester County,VA,51,8
51075,Goochland County,VA,51,7
51077,Grayson County,VA,51,0
51079,Greene County,VA,51,1
51081,Greensville County,VA,51,3
51083,Halifax County,VA,51,1
51085,Hanover County,VA,51,6
51087,Henrico County,VA,51,78
51089,Henry County,VA,51,2
51091,Highland County,VA,51,0
51093,Isle of Wight County,VA,51,5
51095,James City County,VA,51,95
51097,King and Queen County,VA,51,1
51099,King George County,VA,51,4
51101,King William County,VA,51,1
51103,Lancaster County,VA,51,1
51105,Lee County,VA,51,2
51107,Loudoun County,VA,51,105
51109,Louisa County,VA,51,11
51111,Lunenburg County,VA,51,0
51113,Madison County,VA,51,3
51115,Matthews County,VA,51,2
51117,Mecklenburg County,VA,51,4
51119,Middlesex County,VA,51,0
51121,Montgomery County,VA,51,1
51125,Nelson County,VA,51,2
51127,New Kent County,VA,51,1
51131,Northampton County,VA,51,1
51133,Northumberland County,VA,51,3
51135,Nottoway County,VA,51,1
51137,Orange County,VA,51,4
51139,Page County,VA,51,1
51141,Patrick County,VA,51,0
51143,Pittsylvania County,VA,51,1
51145,Powhatan County,VA,51,3
51147,Prince Edward County,VA,51,2
51149,Prince George County,VA,51,8
51153,Prince William County,VA,51,106
51155,Pulaski County,VA,51,0
51157,Rappahannock County,VA,51,0
51159,Richmond County,VA,51,0
51161,Roanoke County,VA,51,4
51163,Rockbridge County,VA,51,2
51165,Rockingham County,VA,51,9
51167,Russell County,VA,51,0
51169,Scott County,VA,51,0
51171,Shenandoah County,VA,51,8
51173,Smyth County,VA,51,2
51175,Southampton County,VA,51,1
51177,Spotsylvania County,VA,51,8
51179,Stafford County,VA,51,28
51181,Surry County,VA,51,1
51183,Sussex County,VA,51,1
51185,Tazewell County,VA,51,2
51187,Warren County,VA,51,3
51191,Washington County,VA,51,2
51193,Westmoreland County,VA,51,0
51195,Wise County,VA,51,0
51197,Wythe County,VA,51,2
51199,York County,VA,51,16
51510,Alexandria City,VA,51,32
51520,Bristol city,VA,51,1
51530,Buena Vista city,VA,51,0
51540,Charlottesville City,VA,51,16
51550,Chesapeake City,VA,51,31
51570,Colonial Heights city,VA,51,0
51580,Covington city,VA,51,1
51590,Danville City,VA,51,4
51595,Emporia city,VA,51,0
51600,Fairfax city,VA,51,0
51610,Falls Church city,VA,51,0
51620,Franklin city,VA,51,1
51630,Fredericksburg City,VA,51,1
51640,Galax city,VA,51,1
51650,Hampton city,VA,51,14
51660,Harrisonburg City,VA,51,10
51670,Hopewell city,VA,51,4
51678,Lexington city,VA,51,0
51680,Lynchburg city,VA,51,7
51683,Manassas City,VA,51,9
51685,Manassas Park city,VA,51,1
51690,Martinsville city,VA,51,0
51700,Newport News City,VA,51,29
51710,Norfolk City,VA,51,33
51720,Norton city,VA,51,0
51730,Petersburg city,VA,51,4
51735,Poquoson city,VA,51,3
51740,Portsmouth City,VA,51,13
51750,Radford city,VA,51,1
51760,Richmond City,VA,51,33
51770,Roanoke city,VA,51,6
51775,Salem city,VA,51,0
51790,Staunton city,VA,51,0
51800,Suffolk City,VA,51,6
51810,Virginia Beach City,VA,51,88
51820,Waynesboro city,VA,51,2
51830,Williamsburg City,VA,51,9
51840,Winchester city,VA,51,5
0,Statewide Unallocated,WA,53,672
53001,Adams County,WA,53,15
53003,Asotin County,WA,53,0
53005,Benton County,WA,53,108
53007,Chelan County,WA,53,17
53009,Clallam County,WA,53,7
53011,Clark County,WA,53,112
53013,Columbia County,WA,53,1
53015,Cowlitz County,WA,53,16
53017,Douglas County,WA,53,6
53019,Ferry County,WA,53,1
53021,Franklin County,WA,53,37
53023,Garfield County,WA,53,0
53025,Grant County,WA,53,66
53027,Grays Harbor County,WA,53,2
53029,Island County,WA,53,109
53031,Jefferson County,WA,53,17
53033,King County,WA,53,2496
53035,Kitsap County,WA,53,77
53037,Kittitas County,WA,53,7
53039,Klickitat County,WA,53,8
53041,Lewis County,WA,53,10
53043,Lincoln County,WA,53,1
53045,Mason County,WA,53,5
53047,Okanogan County,WA,53,3
53049,Pacific County,WA,53,0
53051,Pend Oreille County,WA,53,0
53053,Pierce County,WA,53,417
53055,San Juan County,WA,53,4
53057,Skagit County,WA,53,143
53059,Skamania County,WA,53,1
53061,Snohomish County,WA,53,1317
53063,Spokane County,WA,53,167
53065,Stevens County,WA,53,4
53067,Thurston County,WA,53,48
53069,Wahkiakum County,WA,53,0
53071,Walla Walla County,WA,53,7
53073,Whatcom County,WA,53,139
53075,Whitman County,WA,53,8
53077,Yakima County,WA,53,216
0,Statewide Unallocated,WV,54,0
54001,Barbour County,WV,54,1
54003,Berkeley County,WV,54,21
54005,Boone County,WV,54,0
54007,Braxton County,WV,54,0
54009,Brooke County,WV,54,0
54011,Cabell County,WV,54,1
54013,Calhoun County,WV,54,0
54015,Clay County,WV,54,0
54017,Doddridge County,WV,54,0
54019,Fayette County,WV,54,0
54021,Gilmer County,WV,54,0
54023,Grant County,WV,54,0
54025,Greenbrier County,WV,54,3
54027,Hampshire County,WV,54,0
54029,Hancock County,WV,54,5
54031,Hardy County,WV,54,1
54033,Harrison County,WV,54,14
54035,Jackson County,WV,54,11
54037,Jefferson County,WV,54,9
54039,Kanawha County,WV,54,37
54041,Lewis County,WV,54,0
54043,Lincoln County,WV,54,0
54045,Logan County,WV,54,3
54047,McDowell County,WV,54,0
54049,Marion County,WV,54,8
54051,Marshall County,WV,54,4
54053,Mason County,WV,54,3
54055,Mercer County,WV,54,2
54057,Mineral County,WV,54,0
54059,Mingo County,WV,54,0
54061,Monongalia County,WV,54,32
54063,Monroe County,WV,54,0
54065,Morgan County,WV,54,1
54067,Nicholas County,WV,54,0
54069,Ohio County,WV,54,10
54071,Pendleton County,WV,54,0
54073,Pleasants County,WV,54,1
54075,Pocahontas County,WV,54,0
54077,Preston County,WV,54,3
54079,Putnam County,WV,54,5
54081,Raleigh County,WV,54,3
54083,Randolph County,WV,54,1
54085,Ritchie County,WV,54,0
54087,Roane County,WV,54,2
54089,Summers County,WV,54,0
54091,Taylor County,WV,54,0
54093,Tucker County,WV,54,2
54095,Tyler County,WV,54,0
54097,Upshur County,WV,54,1
54099,Wayne County,WV,54,0
54101,Webster County,WV,54,0
54103,Wetzel County,WV,54,2
54105,Wirt County,WV,54,1
54107,Wood County,WV,54,2
54109,Wyoming County,WV,54,0
0,Statewide Unallocated,WI,55,0
55001,Adams County,WI,55,0
55003,Ashland County,WI,55,1
55005,Barron County,WI,55,0
55007,Bayfield County,WI,55,3
55009,Brown County,WI,55,11
55011,Buffalo County,WI,55,1
55013,Burnett County,WI,55,0
55015,Calumet County,WI,55,2
55017,Chippewa County,WI,55,10
55019,Clark County,WI,55,5
55021,Columbia County,WI,55,13
55023,Crawford County,WI,55,1
55025,Dane County,WI,55,215
55027,Dodge County,WI,55,13
55029,Door County,WI,55,1
55031,Douglas County,WI,55,6
55033,Dunn County,WI,55,3
55035,Eau Claire County,WI,55,12
55037,Florence County,WI,55,0
55039,Fond du Lac County,WI,55,24
55041,Forest County,WI,55,0
55043,Grant County,WI,55,2
55045,Green County,WI,55,7
55047,Green Lake County,WI,55,0
55049,Iowa County,WI,55,3
55051,Iron County,WI,55,1
55053,Jackson County,WI,55,2
55055,Jefferson County,WI,55,12
55057,Juneau County,WI,55,4
55059,Kenosha County,WI,55,54
55061,Kewaunee County,WI,55,0
55063,La Crosse County,WI,55,19
55065,Lafayette County,WI,55,0
55067,Langlade County,WI,55,0
55069,Lincoln County,WI,55,0
55071,Manitowoc County,WI,55,0
55073,Marathon County,WI,55,5
55075,Marinette County,WI,55,2
55077,Marquette County,WI,55,2
55078,Menominee County,WI,55,1
55079,Milwaukee County,WI,55,780
55081,Monroe County,WI,55,2
55083,Oconto County,WI,55,1
55085,Oneida County,WI,55,3
55087,Outagamie County,WI,55,12
55089,Ozaukee County,WI,55,46
55091,Pepin County,WI,55,0
55093,Pierce County,WI,55,7
55095,Polk County,WI,55,0
55097,Portage County,WI,55,1
55099,Price County,WI,55,0
55101,Racine County,WI,55,28
55103,Richland County,WI,55,2
55105,Rock County,WI,55,17
55107,Rusk County,WI,55,0
55109,St. Croix County,WI,55,6
55111,Sauk County,WI,55,14
55113,Sawyer County,WI,55,0
55115,Shawano County,WI,55,0
55117,Sheboygan County,WI,55,12
55119,Taylor County,WI,55,0
55121,Trempealeau County,WI,55,0
55123,Vernon County,WI,55,0
55125,Vilas County,WI,55,3
55127,Walworth County,WI,55,12
55129,Washburn County,WI,55,0
55131,Washington County,WI,55,44
55133,Waukesha County,WI,55,107
55135,Waupaca County,WI,55,2
55137,Waushara County,WI,55,0
55139,Winnebago County,WI,55,13
55141,Wood County,WI,55,2
0,Statewide Unallocated,WY,56,0
56001,Albany County,WY,56,3
56003,Big Horn County,WY,56,0
56005,Campbell County,WY,56,5
56007,Carbon County,WY,56,3
56009,Converse County,WY,56,2
56011,Crook County,WY,56,0
56013,Fremont County,WY,56,25
56015,Goshen County,WY,56,1
56017,Hot Springs County,WY,56,0
56019,Johnson County,WY,56,7
56021,Laramie County,WY,56,35
56023,Lincoln County,WY,56,0
56025,Natrona County,WY,56,14
56027,Niobrara County,WY,56,0
56029,Park County,WY,56,1
56031,Platte County,WY,56,0
56033,Sheridan County,WY,56,10
56035,Sublette County,WY,56,1
56037,Sweetwater County,WY,56,3
56039,Teton County,WY,56,26
56041,Uinta County,WY,56,0
56043,Washakie County,WY,56,1
56045,Weston County,WY,56,0
